20151225-DinMuhammadFolkTale	aːila	n	aːila	food	ɬa	ɬ-a	give-imp.sg	5.2		e maːʂai ʥa-won  zizi ʥa-wom ze ama aːila ɬ-a naː ta ama tãː-ki daːr ɬuŋguɽa ʈapala-ika ʥa-us-ãː	oh aunt say-pst.3pl  sister say-pst.1sg comp we.obl food give-imp.sg too(?)  we you.sg.dat-to wood firewood collect-fut.1pl say-pst.3sg-dat	These brothers called a girl aunt and said that feed us rice too, we will bring wood for you in return.
20151225-DinMuhammadFolkTale	puɬ	nm	puɬ	son	kʰaːi	kʰaː-i	give.birth-cv	6		ʥa-wus-e ʥaːj-s-e ta puɬ kʰaː-i pʊɬ kʰaː-i puɬ kʰaː-i dafa ɬija-itus  ama bi ki aman-a baːja-gila-a ama ki ɬ-ika aːila-a bi me ɬ-itowa ba	say-pst.3sg mother-pos-erg/ins  son give.birth-cv son give.birth-cv son give.birth-cv turn prf.3sg  we add what our-m brother-pl-obl we what give-fut.1pl food-obl add you.pl.obl give-prf.1pl(?) irr	These girls replied that your mother has given birth to so many boys, if we feed you, what will our own brothers eat.
20151225-DinMuhammadFolkTale	pʊɬ	nm	pʊɬ	son	kʰaːi	kʰaː-i	give.birth-cv	6		ʥa-wus-e ʥaːj-s-e ta puɬ kʰaː-i pʊɬ kʰaː-i puɬ kʰaː-i dafa ɬija-itus  ama bi ki aman-a baːja-gila-a ama ki ɬ-ika aːila-a bi me ɬ-itowa ba	say-pst.3sg mother-pos-erg/ins  son give.birth-cv son give.birth-cv son give.birth-cv turn prf.3sg  we add what our-m brother-pl-obl we what give-fut.1pl food-obl add you.pl.obl give-prf.1pl(?) irr	These girls replied that your mother has given birth to so many boys, if we feed you, what will our own brothers eat.
20151225-DinMuhammadFolkTale	puɬ	nm	puɬ	son	kʰaːi	kʰaː-i	give.birth-cv	6		ʥa-wus-e ʥaːj-s-e ta puɬ kʰaː-i pʊɬ kʰaː-i puɬ kʰaː-i dafa ɬija-itus  ama bi ki aman-a baːja-gila-a ama ki ɬ-ika aːila-a bi me ɬ-itowa ba	say-pst.3sg mother-pos-erg/ins  son give.birth-cv son give.birth-cv son give.birth-cv turn prf.3sg  we add what our-m brother-pl-obl we what give-fut.1pl food-obl add you.pl.obl give-prf.1pl(?) irr	These girls replied that your mother has given birth to so many boys, if we feed you, what will our own brothers eat.
20151225-DinMuhammadFolkTale	ʈʰaːn	nm	ʈʰaːn	area	ɬitus	ɬ-itus	give-prf.3sg	24		xudaːi paːk-e laka tasu tine ʈʰaːn ɬ-itus	God clean-erg/ins like dist.obl.pl there area give-prf.3sg	Allah gave them a good place
20151225-DinMuhammadFolkTale	ʈʰaːn	nm	ʈʰaːn	area	ɬi	ɬi	give.cv	25		ʈʰaːn ɬi ʥo time tine niɕ-isan bot	area give.cv  dist.pl there sit-ptcp.pf be.pst.3pl	All of them started living there.
20151225-DinMuhammadFolkTale	aːila	n	aːila	food	ɬema	ɬ-ema	give-fut.1sg	28		ɖoɣora bat-e ga-i-ãː ki ʥa-us-e  e baːja -gila-au ʥa-us-e jafala ɬuŋguɽa mãː ki aːn-iu naː ta ʥa-us-e ãː wagila ke-jema miãː aːila ɬ-ema ʥa-us	doghori rice-erg/ins go-cv-dat to say-pst.3sg  oh brother pl say-pst.3sg some firewood I.dat to bring-imp.pl too(?)  say-pst.3sg I thing do-fut.1sg I.dat food give-fut.1sg say-pst.3sg	While cooking rice there, she called the boys and said that she will bring me wood and feed me rice in return
20151225-DinMuhammadFolkTale	ʈʰaːn	nm	ʈʰaːn	area	ɬa	ɬ-a	give-imp.sg	48		jaː allah ʥa-us-e ate tʰun manzi mo ʈʰaːn ɬ-a ta ãː te tʰun manzi walima asu pena  ki zaːn-ik ʥa-us-e blija-ːa tʰi-ta naj waːri kara tʰi-ta	oh God say-pst.3sg here pillar with/at I.obl area give-imp.sg  I dist.obl.sg pillar with/at  prox.obl.pl from  what think-pst.1pl say-pst.3sg brother be-fut.3pl no besides who be-fut.3pl	Allah said, "Give me a place inside this pillar. Do you know if my brothers will be here or who else?"
20151225-DinMuhammadFolkTale	parda	n	parda	curtain	ɬa	ɬ-a	give-imp.sg	49		au mo ate parda ɬ-a ʥa-us-ãː allah-an-i hukm-e sara se tʰun dal-ui  di manz ɬenʈʂ-ui  manz ɬenʨ-i niʂ-ui ʥo tol-a-ãː ki bliaːjen aːjat	and I.obl here curtain give-imp.sg say-pst.3sg-dat God-gen-f order-erg/ins with dist.sg pillar split-pst.3f.sg  go.cv inside get.into-pst.3f.sg  inside get.into-cv sit-pst.3f.sg  then-dat to brother(s) come.pst.3pl	By Allah's order, that pillar split from the middle and hid inside, so those brothers also reached
20151225-DinMuhammadFolkTale	iʦisna	nf	iʦisn-a	eye-obl	ɬitusāː	ɬ-itus-āː	give-prf.3sg-dat	72		ten tas du iʦisn-a ɬ-itus-āː ten-jak du iʦin-e baːl-i au tap tasa ɬ-i au tap tala-i daːm-us	dist.erg.sg dist.obl.sg two eye-obl give-prf.3sg-dat dist.erg.sg-one two eye-erg/ins look-cv and  dist.obl.sg hit-cv and  put-cv catch-pst.3sg	When the girl put a rag in two of his eyes, he managed to catch the girl with the other two eyes
20151225-DinMuhammadFolkTale	haŋgaːra	nm	haŋgaːr-a	fire-obl	ɬi	ɬi	give.cv	104		ʑu-num ʥa-us-ãː tenbak di limoʈi je ɬi au tasa haŋgaːr-a ɬi badai haŋgaːr-naʂ ke wuɽ-us	eat-pst.1sg say-pst.3sg-dat after go.cv tail erg/ins by and dist.obl.sg fire-obl give.cv  fire do.cv pst.3sg	The cat did not like this and went to the other side and extinguished the fire of the stove
20151225-DinMuhammadFolkTale	haŋgaːra	nm	haŋgaːr-a	fire-obl	ɬi	ɬi	give.cv	111		ke-ik-i bui-ãː ki muj ʥa-um de  ja sunzu ɖoka bua naː tasa muj ʑu-num ʥa-um-ãː ki au hanŋaːr limoʈi-a bil ke ʥa-us-e haŋgaːr-a ɬi badai au ʥa-us-e mo hairaːn ke-us	do-vn be.pst.3f.sg-dat to I.erg say-pst.1sg   indf plum seed be.pst.3m.sg in.return dist.obl.sg I.erg eat-pst.1sg say-pst.1sg-dat to and fire tail-obl  do.cv say-pst.3sg fire-obl give.cv  and say-pst.3sg I.obl surprised do-pst.3sg	I also told him that I had eaten a berry and he put out the fire in return.
20151225-DinMuhammadFolkTale	ʨai	nf	ʨai	tea	ɬitus	ɬ-itus	give-prf.3sg	187		aːma gaː-us  aːma gaː-i tasu niʂa-i ʨai ɬ-itus miʂʈi ɬ-itus wagli ker-us ʥo tasun-i law qadar izat ke-ik-i bua	house carry-pst.3sg  house carry-cv dist.obl.pl sit.caus-cv tea give-prf.3sg bread give-prf.3sg thing do-pst.3sg  dist.gen.pl-f very value(?) honour do-vn be.pst.3m.sg	The king showed good hospitality to them.
20151225-DinMuhammadFolkTale	miʂʈi	nf	miʂʈi	bread	ɬitus	ɬ-itus	give-prf.3sg	187		aːma gaː-us  aːma gaː-i tasu niʂa-i ʨai ɬ-itus miʂʈi ɬ-itus wagli ker-us ʥo tasun-i law qadar izat ke-ik-i bua	house carry-pst.3sg  house carry-cv dist.obl.pl sit.caus-cv tea give-prf.3sg bread give-prf.3sg thing do-pst.3sg  dist.gen.pl-f very value(?) honour do-vn be.pst.3m.sg	The king showed good hospitality to them.
20160110-GulMuhammadFolkTale	rupaie	n	rupai-e	rupee-erg/ins	ɬe	ɬe	give	8		ʥo eni soʨ ke-us ʥa-us ʨi ʥa ʥa-us  ɬe saw-a taːnu polapola-ãː gaːima au pãiɕi rupai-e ɬe ãː asa pena ja ʂobaːn-i baːti hilima ʨi mon-i watan-a mãː  ʥ-iba	prox.erg/ins do.think-pst.3sg say-pst.3sg that say say-pst.3sg  three hundred-obl self's child-dat carry-fut.1sg and hundred rupee-erg/ins give I prox.obl.sg from indf beautiful-f word learn-fut.1sg that my-f homeland-obl I.dat  come-fut.3sg	The man thought why not give a hundred rupees and listen to a piece of advice so that it will be useful in the homeland. The remaining three hundred rupees is enough for the children.
20160110-GulMuhammadFolkTale	ɣaːɽai	<Not Sure>	ɣaːɽai	hug(?)	ɬites	ɬ-ites	give	41		iʦin-a tasan-i nil-i tʰini te manzi  mon-a fusd-isan bliaːja aːisaː ʥa-i basa tasa manzi ɣaːɽai ɬ-ites  ɣaːɽai ɬi tasa manzi wagila ke-i	eye-obl dist.gen.sg-f blue-f be.prs.3f.sg dist.obl.sg with/at  my-m lose-ptcp.pf brother welcome say-cv  dist.obl.sg with/at hug(?) give  hug(?) give.cv dist.obl.sg with/at thing do-cv	His eyes were blue, he hugged his brother as soon as he saw that my lost brother came back.
20160110-GulMuhammadFolkTale	ɣaːɽai	<Not Sure>	ɣaːɽai	hug(?)	ɬi	ɬi	give.cv	41		iʦin-a tasan-i nil-i tʰini te manzi  mon-a fusd-isan bliaːja aːisaː ʥa-i basa tasa manzi ɣaːɽai ɬ-ites  ɣaːɽai ɬi tasa manzi wagila ke-i	eye-obl dist.gen.sg-f blue-f be.prs.3f.sg dist.obl.sg with/at  my-m lose-ptcp.pf brother welcome say-cv  dist.obl.sg with/at hug(?) give  hug(?) give.cv dist.obl.sg with/at thing do-cv	His eyes were blue, he hugged his brother as soon as he saw that my lost brother came back.
20160110-GulMuhammadFolkTale	rupai	n	rupai	rupee	ɬitum	ɬ-itum	give-prf.1sg	60.2		muj wagila na ke-jitum muj asau baːti-naːm-a ʂaʦi panʦ paĩɕi rupai ɬ-itum āː law ɣarubi e muj asa daulata geʈ-itum  alllah-e mo ɬ-itus	I.erg thing not do-prf.1sg I.erg prox.obl.pl word-pl-obl for five hundred rupee give-prf.1sg I very poor  I.erg prox.obl.sg  earn-prf.1sg  God-erg/ins I.obl give-prf.3sg	A man has a little knowledge, he has got it for money, the rest of the wealth he has got is also from his wisdom.
20211003-AliIntrwPolitics	hunar	<Not Sure>	hunar	skill	ɬi	ɬi	give.cv	141		ama hunar ɬi ba-mek	we skill give.cv can-prs.1pl	we can give them skill work
20211003-AliIntrwPolitics	hunar	<Not Sure>	hunar	skill	ɬiba	ɬ-iba	give-fut.3sg	159		au dujam giri amaː̄ hunar ɬ-iba	and second then we.dat skill give-fut.3sg	And on the other hand, we will also get skills
20211003-AliIntrwPolitics	rijaːlti	n	rijaːlti	royalty	ɬimek	ɬ-imek	give-prs.1pl	161		ama qaum-aː̄ ki bi rijaːlti ɬ-imek	we tribe-dat to add royalty give-prs.1pl	The nation will also get royalty
20211003-AliIntrwPolitics	wagila	nm	wagila	thing	ɬimek	ɬ-imek	give-prs.1pl	163		tusuaː̄ ki bi wagila ɬ-imek	dist.dat.pl to add thing give-prs.1pl	will also get some return
20211003-AliIntrwPolitics	ʈeks	n	ʈeks	tax	ɬi	ɬi	give.cv	167		tisan-a baːd giri qaum-aː̄ ki ʈeks ɬi	dist.gen.sg-m after then tribe-dat to tax give.cv	After that by paying taxes to the nation
20211003-AliIntrwPolitics	taraqi	n	taraqi	development	ɬika	ɬ-ika	give-fut.1pl	174		patagran taːɳu laːm-aː̄ ki ama taraqi ɬ-ika ama	back self's village-dat to we development give-fut.1pl we	will develop our village
20211003-AliIntrwPolitics	saːt	n	saːt	little	ɬika	ɬ-ika	give-fut.1pl	200		xatum ke-iu ʨi ama afɣaːnistaːn-a manzi saːt ɬ-ika	do.get rid of-opt that we Afghanistan-obl with/at little give-fut.1pl	So that we could live with Afghanistan
20211003-RahimFarming	muʂʈi	nf	muʂʈi	bread	ɬi	ɬi	give.cv	65		aːn-i tusu muʂʈi ɬi	bring-cv dist.obl.pl bread give.cv	Feed them food
20211003-RahimFarming	dawaːi	n	dawaːi	medicine	ɬi	ɬi	give.cv	132		dawaːi ɬi	medicine give.cv	They also give medicine
20211003-SadatIntrwHealth	naːm	nm	naːm	name	ɬi	ɬi	give.cv	101		naːm ɬi ba-mes-aː ɖaːkʈar-aːn-an-a ja kata zan-an-a	name give.cv can-prs.2sg-q doctor-pl-gen-m indf how.many person-gen-m	Can you call the name of those doctors?
20211003-SadatIntrwHealth	sahulat	nf	sahulat	facilities	ɬitus	ɬ-itus	give-prf.3sg	105		asu qaum-aː̄ ki law intihaːʥ-i sahulat ɬ-itus	prox.obl.pl tribe-dat to very good(?)-f facilities give-prf.3sg	Provided a very good facility to this nation
20211003-SadatIntrwHealth	ʈem	nf	ʈem	time	ɬitu	ɬ-itu	give-prf.2sg	141		law mehrabaːni tuī amaː̄ ʈem ɬ-itu	very thanks you.sg.erg we.dat time give-prf.2sg	Thanks a lot for your time.
20211003-SadatLifeStory	miʂʈi	nf	miʂʈi	bread	ɬimaːniu	ɬ-imaːniu	give-prs.2pl	86		me miʂʈi ɬ-imaːniu	you.pl bread give-prs.2pl	they say that we are feeling the millitants
20211003-SardarIntrwPoetry	haːra	n	haːra	song	ɬet	ɬet	give.pst.3pl	19		au kine prugraːm zuwaːn-aːn taːnu manze ket ba augaːn gaːʂʈe haːra ɬet	and  program young.man-pl self's with/at do-pst.3pl irr Pathan language song give.pst.3pl	The youth arrange a music party but used to sing in Pushto language only
20211003-SardarIntrwPoetry	haːra	n	haːra	song	ɬet	ɬet	give.pst.3pl	20		dukka mongol gaːʂʈi bi haːra ɬet	Khowar language add song give.pst.3pl	some litte in Khowar language as well. 
20211003-SardarIntrwPoetry	prugraːm	nf	prugraːm	program	limaːn	li-maːn	give-ptcp.ipf	49		aː̄ tine isʈeɕan-a gawargaːʂte prugraːm li-maːn bom	I that.obl station-obl Gawar-language program give-ptcp.ipf be.pst.1sg	And I started programming in Guarani language in this radio station
20211003-SardarIntrwPoetry	ʈrenig	n	ʈrenig	training	ɬituse	ɬ-itus-e	give-prf.3sg	57		giri ef el aːi idaːra e karik amaː̄ ki ʈrenig ɬ-itus-e	then FLI department erg/ins which we.dat to training give-prf.3sg	Then there is FLI, which has given us training
20211003-SardarIntrwPoetry	taːsuraːt	n	taːsuraːt	feedback(?)	ɬimet	ɬ-imet	give-prs.3pl	78		laka ki qism-an-a taːsuraːt ɬ-imet laka	like what kind-gen-m feedback(?) give-prs.3pl like	What kind of feedback did you receive?
20211003-SardarIntrwPoetry	xidmatana	nf	xidmat-an-a	service-gen-m	ɬiton	ɬ-iton	give-prf.3pl	129		ki xidmat-an-a ɬ-iton amaː̄ ki laːm-an-a xalq-en	what service-gen-m give-prf.3pl we.dat to village-gen-m people-pl	The service has been handed over by the people of the village
20211010-AfsarBusinessStory	maːsoia	nf	maːsoi-a	month-obl	ɬimet	ɬ-imet	give-prs.3pl	15		kara bas zar maːsoi-a ɬ-imet kara ɕiki kaːl-a bi na ɬ-imet	some okay  month-obl give-prs.3pl some so year-obl add not give-prs.3pl	Some people repay at the end of each month while some who even don not repay after years and years. 
20211010-AfsarBusinessStory	ʈem	nf	ʈem	time	ɬitu	ɬ-itu	give-prf.2sg	99		law mehrabaːni amaː̄ ki ʈem ɬ-itu	very thanks we.dat to time give-prf.2sg	Thaks a lot for your precious time. 
20211010-AslamJanStory	rupainaːm	n	rupai-naːm	rupee-pl	ɬi	ɬi	give.cv	50		har jak-ia du du lak rupai-naːm ɬi au	every one two two lakh rupee-pl give.cv and	everyone got two hundred thousand rupees
20211010-AslamJanStory	rupai	n	rupai	rupee	ɬiton	ɬ-iton	give-prf.3pl	51		karik-a du lak rupai ɬ-iton	which-obl two lakh rupee give-prf.3pl	someone got two lac and
20211010-AslamJanStory	rupai	n	rupai	rupee	ɬiton	ɬ-iton	give-prf.3pl	52		du zan-a du nim lak rupai ɬ-iton	two person-obl two half lakh rupee give-prf.3pl	some have got two hundred and fifty thousands
20211010-FaqirFishingStory	daːwat	n	daːwat	invitation	ɬitok	ɬ-itok	give-prf.1pl	22		sahi tʰana ʦu-u xo bal-a woj daːwat ɬ-itok me aːinda-a ʂaʦi giri ɕiki na ke-jiwa	Sir be.prs.3m.sg walk-imp.pl but look-imp.sg prox.sg invitation give-prf.1pl you.pl.obl future-obl for then so not do	He said don't do this for the future. We have given this invitation to you people
20211010-NoorWoodStory	inʈarvi	nf	inʈarvi	interview	litu	li-tu	give-prf.2sg	100		law mehrabaːni law ʂobaːn-i inʈarvi li-tu bajaː law ɕukria	very thanks very beautiful-f interview give-prf.2sg brother very grace	Thank you very much for your kind statement
20211031-AlifIntrwLiteracy	iʥukeɕan	n	iʥukeɕan	education	ɬiwaːn	ɬ-iwaːn	give	37		jaːni proper taːreqa e ɬi iʥukeɕan ɬ-iwaːn na ga-i	that.is proper way erg/ins by education give not cv	That is, people could not be educated properly.
20211031-AlifIntrwLiteracy	lekʨur	n	lekʨur	lecture	ɬimek	ɬ-imek	give-prs.1pl	104		ama gawar i lekʨar gawar baːti e lekʨur ɬ-imek taːnu ilaːqa-a	we Gawar erg/ins lecture Gawar word erg/ins lecture give-prs.1pl self's area-obl	we give lecture in Gawarbati in our areas
20211031-AlifIntrwLiteracy	ʈem	nf	ʈem	time	ɬitus	ɬ-itus	give-prf.3sg	112		mon-i taːnai bi ɕauq tʰini kine allah e kine ʈem ɬ-itus ba mo	my-f self add interest be.prs.3f.sg if(?) God erg/ins if(?) time give-prf.3sg irr I.obl	I am also interested if Allah gives me time
20211031-AlifIntrwLiteracy	ʈem	nf	ʈem	time	ɬitu	ɬ-itu	give-prf.2sg	121		law mehrabaːni amaː  ki ʈem ɬ-itu	very thanks we.dat  to time give-prf.2sg	Thanks a lot for your time.
20211031-GhulamIntrwPolitics	manzuri	n	manzuri	approval	ɬitus	ɬ-itus	give-prf.3sg	44		jak pep-an-i manzuri ɬ-itus	one gen-f approval give-prf.3sg	Approved a pipeline
20211031-GhulamIntrwPolitics	manzuri	n	manzuri	approval	ɬitus	ɬ-itus	give-prf.3sg	51		do haʐaːr baːra-a ʥ-i amaː  ki miɖal sikul-an-i manzuri ɬ-itus	two thousand twelve-obl come-cv we.dat  to middle school-gen-f approval give-prf.3sg	Approved middle school for us
20211031-GhulamIntrwPolitics	qurbaːni	n	qurbaːni	sacrifice	ɬema	ɬema	give.fut.1sg	83		aː  sa ʂaʦi taːnu ʥaːni maːli qurbaːni ɬema	I  prox.obl.sg for self's life(?)  sacrifice give.fut.1sg	I will sacrifice my life for this
20211031-GhulamIntrwPolitics	darxaːst	nf	darxaːst	request	ɬitum	ɬ-itum	give-prf.1sg	94		aː  taːnai di irigaɕan-an-i daftari di darxaːst ɬ-itum asa kʰanʈa-a ʂaʦi	I  self go.cv irrigation-gen-f office go.cv request give-prf.1sg prox.obl.sg drain-obl for	I went to the irrigation office and applied for this canal
20211031-GhulamIntrwPolitics	sabaq	n	sabaq	lesson	ɬimet	ɬ-imet	give-prs.3pl	155		roʦ-a di namatpiɕi mizaːn bad do baʥa tin baʥa mizaːn tasuaː  tin baqaida sabaq ɬ-imet	morning-obl go.cv  until  two hour three hour until dist.dat.pl  three regular lesson give-prs.3pl	They give them regular classes from morning till two or three in the afternoon.
20211107-GulFishingTripStory	insaːf	n	insaːf	justice	ɬijau	ɬ-ijau	give-opt	48		ae ʈekura asa ta maʦoʈa-a tu ɕike-mes xudaːi to insaːf ɬ-ijau	hey boy prox.obl.sg  fish-obl you.sg how-prs.2sg God you.sg.obl justice give-opt	Boy, what are you going to do with so many fish? May God give you justice
20211107-GulFishingTripStory	bata	n	bat-a	rice-obl	ɬi	ɬi	give.cv	57		bat-a ɬi au aː  bi xer mamat-aː  ʨuruta ki ʐu-a	rice-obl give.cv and I    dat    eat-imp.sg	Eat the rice with delicious taste
20211107-GulFishingTripStory	rupai	n	rupai	rupee	ɬiton	ɬ-iton	give-prf.3pl	77		amaː  ki ʂo ʂo sau-a rupai ɬ-iton	we.dat  to six six hundred-obl rupee give-prf.3pl	We got six hundred rupees as a wage
20211107-GulLifeStory	allah	n	allah	God	ɬimaːn	ɬ-imaːn	give-prs.3sg	20		ki ɬɪ-maːn xo allah ɬ-imaːn	what give-prs.3sg  God give-prs.3sg	God gives what He gives
20211107-GulLifeStory	gom	nm	gom	wheat	ɬitu	ɬ-itu	give-prf.2sg	60		nu tinena ja man gom  gulzarin-ãː  muj ʥa-um ʨi jara maː  ki ja man gom ɬ-itu ba	so from.there indf  wheat  Gul-Zarin-dat  I.erg say-pst.1sg that  I.dat  to indf  wheat give-prf.2sg irr	So from there I told a man of wheat Gul Zarin that he had given it to me
20211107-GulLifeStory	rupai	n	rupai	rupee	ɬitu	ɬ-itu	give-prf.2sg	61		mo ʦurɕi rupai ɬ-itu ba to  ja man gom ɬema	I.obl four-what rupee give-prf.2sg irr you.sg.obl  indf  wheat give.fut.1sg	So he told me that if you give me the eighty Pakistani rupees then I will give you 50 kilos of wheat
20211107-GulLifeStory	gom	nm	gom	wheat	ɬema	ɬema	give.fut.1sg	61		mo ʦurɕi rupai ɬ-itu ba to  ja man gom ɬema	I.obl four-what rupee give-prf.2sg irr you.sg.obl  indf  wheat give.fut.1sg	So he told me that if you give me the eighty Pakistani rupees then I will give you 50 kilos of wheat
20211107-GulLifeStory	gom	nm	gom	wheat	ɬa	ɬ-a	give-imp.sg	62		muj ʥa-um e maːnuʂ-a  ʦurɕi rupai gaː-a xo mo gom ɬ-a	I.erg say-pst.1sg oh man-obl  four rupee take-imp.sg but I.obl wheat give-imp.sg	I said take the eight rupees and give me wheat
20211107-GulLifeStory	taːqaːt	n	taːqaːt	strength	ɬidaːus	ɬ-idaːus	give-dist.pst.3sg	74		nu allah taalaː e mo law ɖal taːqaːt ɬ-idaːus	so God almighty erg/ins I.obl very big strength give-dist.pst.3sg	So Allah Almighty had given me great strength in that time
20211107-GulLifeStory	taːqaːt	n	taːqaːt	strength	ɬidaːus	ɬ-idaːus	give-dist.pst.3sg	75		taːqaːt ɬ-idaːus ʥo maː  ki ʥa-won ʨi	strength give-dist.pst.3sg  I.dat  to say-pst.3pl that	People saw my strength and told me
20211107-GulLifeStory	paisaː	nm	paisa-a	money-obl	ɬema	ɬema	give.fut.1sg	87		tine ʥ-i maː  ʥa-us ʨi ʥa te to paisa-a ɬema	there come-cv I.dat  say-pst.3sg that say dist.obl.sg you.sg.obl money-obl give.fut.1sg	Then he said, "Let me give you your money."
20211107-GulLifeStory	wagila	nm	wagila	thing	ɬito	ɬ-ito	give-prf.2pl	117		ʨi me ʥ-i mo ata wagila ɬ-ito ʨe	that you.pl come-cv I.obl here thing give-prf.2pl that	You people gave me respect.
20211114-AhmadDrivingStory	mubaːraki	n	mubaːraki	congratulations	ɬiton	ɬ-iton	give-prf.3pl	128		giri kol iskul-an-a maːla nang-ok-aː  maː  mubaːraki ɬ-iton	then when school-gen-m down descend-pst.1pl-dat  I.dat  congratulations give-prf.3pl	And when I got out of there, I got congratulations
20211114-AhmadDrivingStory	waxt	nf	waxt	time	ɬitu	ɬ-itu	give-prf.2sg	238		inɕaːllah ʥiɬi waxt-a giri ama siaːsat-a ki to pena inʈavi go-ika nori waxt ɬ-itu law ɕukriaː	inshallah  time-obl then we politics-obl  you.sg.obl from interview take-fut.1pl now time give-prf.2sg many thanks	Inshallah we will talk about politics in the future. Thank you for your time.
20220101-HajiLiteratureIntrw	haːra	n	haːra	song	ɬi	ɬi	give.cv	92		ɕer u ɕaːiri ker-i jaː haːra ɬi lik-isan-ta baːl-i ʥa-i se	poem  poetry do-cv or song give.cv write-ptcp.pf look-cv say-cv dist.sg	When he sang his poetry, was it written or sung orally?
20220101-HajiLiteratureIntrw	ʈem	nf	ʈem	time	ɬitu	ɬ-itu	give-prf.2sg	145		law mehrabaːni tuĩ amãːki ʈem ɬ-itu law ɕukriaː	very thanks you.sg.erg to time give-prf.2sg many thanks	Thank you for your time. 
20220106-TikaSinging	haːra	n	haːra	song	ɬes	ɬes	give.pst.2sg	9		haːra maːra kola paːɬena ɕuro ke-daːu kola paːlena haːra ɬes	song  when since do.start-dist.pst.2sg when since song give.pst.2sg	When did music begin?
20220106-TikaSinging	daːvat	n	daːvat	invitation	ɬi	ɬi	give.cv	16		ki rav-an-a me xalaq daːvat ɬi gaː-jet	what way-gen-m you.pl.obl people invitation give.cv carry-pst.3pl	How did people invite you to music?
20220106-TikaSinging	haːra	n	haːra	song	ɬiu	ɬ-iu	give-imp.pl	17		naj zaːtak ʈopal-i taːnu manzi haːra ɬ-iu	no young.people gather-cv self's with/at song give-imp.pl	Or would you gather for music yourself?
20220122-FridIntrw	izat	nf	izat	honour	ɬimetaː	ɬ-imet-aː	give-prs.3pl	47		laka xalaq tãːki kata izat ɬ-imet-aː baj nazar e baːl-imet-aː	like people you.sg.dat how.many honour give-prs.3pl good watching  look-prs.3pl-q	I mean, how do people look at you and respect you?
20220122-FridIntrw	hast	nm	hast	hand	ɬimet	ɬ-imet	give-prs.3pl	88		du kine time bi ʥ-imet  ʥ-i au mo manzi hast ɬ-imet	two  dist.pl add come-prs.3pl  come-cv and I.obl with/at hand give-prs.3pl	There are others who come here to help
20220122-FridIntrw	ʈem	nf	ʈem	time	ɬitu	ɬ-itu	give-prf.2sg	107		te ʂaʦi tuĩ ʈem ɬ-itu ama ton-a bi ɕukriaː adaː ke-mek	dist.obl.sg for you.sg.erg time give-prf.2sg we your-m add thanks  do-prs.1pl	We would like to thank you for your time
20220122-SakhiJanStory	ʈʰaːn	nm	ʈʰaːn	area	ɬa	ɬ-a	give-imp.sg	25		faːʈʂãː d-itanait  faːʈʂãː di tine dara-i ʥa-iton ʨi ama ʈʰaːn ɬ-a	king go-prf.3pl  king go.cv that.obl leave-cv say-prf.3pl that we.obl area give-imp.sg	The king of that time has been asked to take his place
20220122-SakhiJanStory	ʈʰaːn	nm	ʈʰaːn	area	ɬema	ɬema	give.fut.1sg	27		me belkul ʈʰaːn ɬema ʥa-i ɕuɣur-a ʈʰaːn ɬ-itus	you.pl exactly area give.fut.1sg say-cv Shughur-obl area give-prf.3sg	Of course I will give you a place but in an area called Shughur
20220122-SakhiJanStory	ʈʰaːn	nm	ʈʰaːn	area	ɬitus	ɬ-itus	give-prf.3sg	27		me belkul ʈʰaːn ɬema ʥa-i ɕuɣur-a ʈʰaːn ɬ-itus	you.pl exactly area give.fut.1sg say-cv Shughur-obl area give-prf.3sg	Of course I will give you a place but in an area called Shughur
20220122-SakhiJanStory	faːʈʂaːe	nm	faːʈʂaː-e	king-erg/ins	ɬitus	ɬ-itus	give-prf.3sg	47		asu ɬam keɬaː go-i  faːʈʂaː-e ɬ-itus	prox.obl.pl work  take-cv  king-erg/ins give-prf.3sg	Which the king has sent to serve them
20220122-ShakhiWaterMill	ʈem	nf	ʈem	time	ɬitu	ɬ-itu	give-prf.2sg	65		law meʰrbaːni naː amã ʈem ɬ-itu law meʰrbaːni	very thanks   time give-prf.2sg very thanks	Thanks for your time. 
20220123-MAShahAdbiSargarmi	hasta	nm	hast-a	hand-obl	ɬitem	ɬ-item	give-prf.1sg	116		ime mon-a ɕaːgird-aːn tʰanet aval-a daːxil ke-daːum daʂma-an-i sarʈifikeʈ asun-a hast-a ɬ-item allah asu taraqi ɬ-ijau izat ɬ-ijau	prox.pl my-m student-pl be.prs.3pl first-obl entered do-dist.pst.1sg gen-f certificate prox.gen.sg-m hand-obl give-prf.1sg God prox.obl.pl development give-opt honour give-opt	they are my students i admitted and gave them matric pass certificates. may God grant them succses and respect
20220123-MAShahAdbiSargarmi	taraqi	n	taraqi	development	ɬijau	ɬ-ijau	give-opt	116		ime mon-a ɕaːgird-aːn tʰanet aval-a daːxil ke-daːum daʂma-an-i sarʈifikeʈ asun-a hast-a ɬ-item allah asu taraqi ɬ-ijau izat ɬ-ijau	prox.pl my-m student-pl be.prs.3pl first-obl entered do-dist.pst.1sg gen-f certificate prox.gen.sg-m hand-obl give-prf.1sg God prox.obl.pl development give-opt honour give-opt	they are my students i admitted and gave them matric pass certificates. may God grant them succses and respect
20220123-MAShahAdbiSargarmi	izat	nf	izat	honour	ɬijau	ɬ-ijau	give-opt	116		ime mon-a ɕaːgird-aːn tʰanet aval-a daːxil ke-daːum daʂma-an-i sarʈifikeʈ asun-a hast-a ɬ-item allah asu taraqi ɬ-ijau izat ɬ-ijau	prox.pl my-m student-pl be.prs.3pl first-obl entered do-dist.pst.1sg gen-f certificate prox.gen.sg-m hand-obl give-prf.1sg God prox.obl.pl development give-opt honour give-opt	they are my students i admitted and gave them matric pass certificates. may God grant them succses and respect
20220123-MAShahAdbiSargarmi	hisa	nf	hisa	part	naɬimaːn	na-ɬ-imaːn	neg-give-prs.3sg	123		karik maːnuʂ taːnu zu-a duraːje ɬ-imaːn neɽai ɬ-imaːn kine ɬ-imaːn har ki xo meraːsa hisa na-ɬ-imaːn	which man self's daughter-obl far give-prs.3sg in.front.of give-prs.3sg where give-prs.3sg every any(thing) but heritage(?) part neg-give-prs.3sg	the one how marry his daughter far or near but don't give her share of inheritance
20220123-MAShahAdbiSargarmi	haq	n	haq	share(?)	ɬijaːn	ɬ-ijaːn	give-pass	125		zu-an-a bi haq tʰana kata ze puɬ-an-a haq tʰana ba ten hisaːb-e haq ɬ-ijaːn d-ijau ʥa-i	daughter-gen-m add share(?) be.prs.3m.sg how.many comp son-gen-m share(?) be.prs.3m.sg irr dist.erg.sg counting-erg/ins share(?) give-pass go-opt say-cv	daughter has shares as son has, so give acordingly
20220123-MAShahAdbiSargarmi	ɕikil	n	ɕikil	form	ɬijana	ɬ-ijana	give-nonfin.debit	198		asa bi ja kitaːb-i ɕikil ɬ-ijana tʰana	prox.obl.sg add indf book-attr form give-nonfin.debit be.prs.3m.sg	has to give it a book form too
20220124-SadaatVisitAkroiToArandugole	gila	n	gila	thing	ɬimes	ɬ-imes	give-prs.2sg	22		ʈem ta  tu amãː ki gila ɬ-imes ba-mek-aː xo naj	time   you.sg we.dat to thing give-prs.2sg can-prs.1pl but no	We asked a man that we can pass further from here.
20220124-SadaatVisitAkroiToArandugole	maːlagran	<Not Sure>	maːlagran	lower.side	ɬitua	ɬit-ua	give-pst.3m.sg	50		fus ga-i-ãː ki amaj ʥa-ua qabla bagran ʥa-i maːlagran ɬit-ua  amn-a nawari-ãː dijana daragran bua	lost go-cv-dat to we.erg say-pst.3m.sg Qibla towards say-cv lower.side give-pst.3m.sg  our-m dat  upper.side be.pst.3m.sg	We continued our journey towards Qibla but this time it was like we had to descend this peak on the other side.
20220124-SadaatVisitAkroiToArandugole	mubaːraki	n	mubaːraki	congratulations	ɬiton	ɬ-iton	give-prf.3pl	81		tasuĩ ʥa-won ʨi amã mubaːraki ɬ-iton ʨi me ta baʨ b-itaneu marg-an-a	dist.erg.pl say-pst.3pl that we.dat congratulations give-prf.3pl that you.pl  saving be-prf.2pl death-gen-m	He congratulated us that we have escaped death.
20220124-SadaatVisitAkroiToArandugole	ʈem	nf	ʈem	time	lidaːua	li-daːua	give	121		ke-ik-an-a baːd ɕila bua zi  ʥo tasa manzi niɕ-ast bui  niɕ-asta ki amaj giri ʈem li-daːua	do-vn-gen-m after such.thing be.pst.3m.sg comp   dist.obl.sg with/at sit be.pst.3f.sg  sit to we.erg  time give	We gave time and sat down with them
20220126-AfserStory	paisa	nm	pajsa	money	ɬitum	ɬ-itum	give-prf.1sg	21		ɖiaːi-e ʥa-us naj naj pajsa ɬ-itum bas ʦo d-imek	friend-erg/ins say-pst.3sg no no money give-prf.1sg okay  go-prs.1pl	The companion said no we have taken the ticket so let's go.
20220126-AfserStory	baːga	n	baːga	day(24hours)	ɬi	ɬi	give.cv	25		tine baːga ɬitok  baːga ɬi giri ɖiaːi-ãː muj ʥa-um nori ki ke-ika teni ʥa-us jaːr ɕila  tine aman-a ja mumaː bua taːʥ mamad uniʂiʈi-a dar-imaːn bua	there day(24hours)   day(24hours) give.cv then friend-dat I.erg say-pst.1sg now what do-fut.1pl dist.erg.sg say-pst.3sg friend such.thing  there our-m indf uncle be.pst.3m.sg Taj Muhammad university-obl stay be.pst.3m.sg	We spent the night somewhere. In the morning I told my friend  that I have an uncle. Taj Muhammad lives at the University of Peshawar.
20220126-AfserStory	paisaː	nm	paisa-a	money-obl	ɬiu	ɬ-iu	give-imp.pl	36		ʥo asaʥo asa ʈivi-an-a ʥa-us me ama rataj vagila ke asa paisa-a ɬ-iu ʥa-von-ãː ama asa paisa-a bi ɬ-imaːn bok xo hans-ot ʨi ime xo vaːqie saːda-gan tʰnet niaːama xo saːda xalaq bok jaːr	prox.obl.sg prox.obl.sg TV-gen-m say-pst.3sg you.pl we.obl on thing do.cv prox.obl.sg money-obl give-imp.pl say-pst.3pl-dat we prox.obl.sg money-obl add give-ptcp.ipf be.pst.1pl but laugh-pst.3pl that prox.pl   simple be.prs.3pl we but simple people be.pst.1pl friend	Some people jokingly told us to pay for the TV. When we were paying, they laughed and said that you guys are really simple.
20220202-BestLeaderRdnSaysNoorAkber	paisa	nm	pajsa	money	ɬi	ɬi	give.cv	10		ãː  tine zamaːna-a har maːnuʂ-ãː pata tʰana ʨi hurus-an-a ʥaŋg bi haranu-a rataj kara zaxmi bit ba hukumat pajsa ɬi	I  that.obl time-obl every man-dat knowledge be.prs.3m.sg that Russia-gen-m war add Arandu-obl on who injured  irr government money give.cv	I am from that time, at that time whoever was injured in the war in Russia, he would get compensation from the government.
20220202-BestLeaderRdnSaysNoorAkber	paisa	nm	pajsa	money	ɬi	ɬi	give.cv	11		kark-an-a aːma naɕ-i ba hukumat pajsa ɬi	someone-gen-m house damage-cv irr government money give.cv	If any one's house was damaged, he would get money.
20220202-BestLeaderRdnSaysNoorAkber	woʈ	n	woʈ	vote	ɬimek	ɬ-imek	give-prs.1pl	23		ʂunɖ-os-aː ama ɖal-e pol-a tasãː woʈ ɬ-imek	hear-pst.2sg-q we big small-m dist.dat.sg vote give-prs.1pl	And we, yong and elder, will vote for him.
20220202-BestLeaderRdnSaysNoorAkber	darxaːst	nf	darxaːst	request	ɬimem	ɬ-imem	give-prs.1sg	39		karik ʨi ã gawar-an-a  hukumat-ãː darxaːst ɬ-imem	which that I Gawar-gen-m  government-dat request give-prs.1sg	As much as I have submitted a petition to the Govt against the Gawar 
20220406-AtiqWorkingAtGarden	safaːi	adj	safaː-i	clean	ɬimet	ɬ-imet	give-prs.3pl	14		ʂobaːn-a ke giri asan-a baːd palaːn-a gila ke-met safaː-i ɬ-imet gaːns maːns-a manz-an-a baka-met	beautiful-m do.cv then prox.gen.sg-m after onion-obl thing do-prs.3pl clean give-prs.3pl grass m-redupl-obl inside-gen-m throw.away-prs.3pl	They take good care of it and throw away the grass when it comes out.
20220408-HizbullahPlayingDubbleKhargai	baːlegirai	n	baːl-egirai	ball-erg/ins	ɬimet	ɬ-imet	give-prs.3pl	10		au giri ɕuro b-imaːn ite ʈʰaːn-a jak waːri-a baːl-egirai ɬ-imet	and again start be-prs.3sg here area-obl one other-obl ball-erg/ins give-prs.3pl	It starts again, this time the ball hits one other
20220408-HizbullahPlayingDubbleKhargai	karka	n	kark-a	someone-obl	ɬimaːniu	ɬ-imaːniu	give-prs.2pl	27		uʨat ke kark-a ɬ-imaːniu	do.cv someone-obl give-prs.2pl	Who do you hit?
20220408-HizbullahPlayingDubbleKhargai	gam	n	gam	beating	ɬidaːus	ɬ-idaːus	give-dist.pst.3sg	39		sejak kark-a ʨi tasa gam ɬ-idaːus ba tas ʂaʦ-ui ba giri se uʂʈ-imaːn sejak niɕ-imaːn	dist.sg-one someone-obl that dist.obl.sg beating give-dist.pst.3sg irr dist.obl.sg get.injured-pst.3f.sg irr then dist.sg get.up-prs.3sg dist.sg-one sit-prs.3sg	The boy who was hit gets up and the other sits down
20220408-InamPlayingGuldanda	gam	n	gam	beating	ɬimet	ɬ-imet	give-prs.3pl	59		baŋgar-imet ɕila-ãː zi kãkiʨ di iʦin-a ʂaʦ-iba ʂaʦ-iba lo nes-iba aːma ʥaːibaːb-en su giri gam ɬ-imet	be.afraid-prs.3pl such.thing-dat comp Guli.Danada go.cv eye-obl get.injured-fut.3sg get.injured-fut.3sg blood come.out-fut.3sg house mother-father-pl prox.pl.obl then beating give-prs.3pl	We afraid that we may not injured, they will not touch their eyes, then they will be scolded by their parents at home.
20220409-RafeezUllahDarsolQuran	taufeq	n	taufeq	agreement	ɬimaːn	ɬ-imaːn	give-prs.3sg	17		har insaːn-a allah tabaːra wa taaːla te roza-an-i maːsoi-a neki ke-ik-an-i taufeq ɬ-imaːn	every human.being-obl great and glorious God dist.obl.sg Ramadan-gen-f month-obl good_deeds do-vn-gen-f agreement give-prs.3sg	Allah allows people to do good deeds in this month
20220409-RafeezUllahDarsolQuran	misaːl	n	misaːl	type	ɪitu	ɪi-tu	give-prf.2sg	22		quraːn-a pudami tʰo-i laka tuĩ ja misaːl ɪi-tu ba ja baj muaːɕira-an-i islaʰ ki raw-an-i ker-aːn d-imaːn	Quran-obl before put-cv like you.sg.erg indf type give-prf.2sg irr indf good society-gen-f reformation what way-gen-f do-pass go-prs.3sg	If you give an example by keeping the Qur'an in front of you, how can a good society be reformed?
20220409-RafeezUllahDarsolQuran	taaːlaːni	<Not Sure>	taaːla-an-i	almighty-gen-f	ɬisan	ɬ-isan	give-ptcp.pf	26		tu darsulquraːn gawar gaːʂʈi ke-mes ʨun-ki jak maːɕra-an-i aman-i zabaːn karik  zabaːn tʰini gawarbaːti tʰini allah taaːla-an-i ɬ-isan zabaːn	you.sg Dars.al-Qur'an Gawar language do-prs.2sg because(?) one society-gen-f our-f language which  language be.prs.3f.sg Gawar-word be.prs.3f.sg God almighty-gen-f give-ptcp.pf language	One of the languages given by Allah is Guarbati, you also teach in Guarbati here.
20220409-RafeezUllahDarsolQuran	dars	n	dars	Islamic.lessons(?)	ɬiwaːwa	ɬ-iwaːwa	give	27		woj kata zarur-i tʰana laka taːnu zabaːn-e dars ɬ-iwaːwa	prox.sg how.many need-cv be.prs.3m.sg like self's language-erg/ins Islamic.lessons(?) give	So how important is it to teach in your mother tongue?
20220409-RafeezUllahDarsolQuran	dars	n	dars	Islamic.lessons(?)	ɬimet	ɬ-imet	give-prs.3pl	34		dars ul quraːn ɕuro ker-i kata waxt b-imaːn au aksar ama ta-mek zi ramazaːn ul mubaːrak-an-i maːsoi-a dars ɬ-imet ulamaːi karaːm  ʈem-a asa-ãː ki zor na ɬɪ-met asan-a ki waʥa tʰana	Dars.al-Qur'an do.start-cv how.many time be-prs.3sg and often we see-prs.1pl comp Ramadan-gen-f month-obl Islamic.lessons(?) give-prs.3pl scholars  time-obl prox.obl.sg-dat to power not give-prs.3pl prox.gen.sg-m what reason be.prs.3m.sg	Since when did Dars al-Qur'an start and also that we often see that the scholars emphasize it in Ramadan as compared to non-Ramadan, what is the reason?
20220410-HishamWithGrass	naːm	nm	naːm	name	ɬa	ɬ-a	give-imp.sg	31		su gãːs-an-a ki naːm tʰana-a ki ki gãːs tʰɪ-maːn qismqism-an-a jakata naːm ɬ-a baten	prox.pl.obl grass-gen-m what name be.prs.3m.sg what what grass be-prs.3sg kind-kind-gen-m  name give-imp.sg please	Name how many types of grass there are.
20220410-HishamWithGrass	naːm	nm	naːm	name	ɬa	ɬ-a	give-imp.sg	34		ime naːm ɬ-a gãːs-naːm-an-a	prox.pl name give-imp.sg grass-pl-gen-m	Well, these are the names of these grasses
20220410-HishamWithGrass	xoraːk	n	xoraːk	food	ɬimaːniuaː	ɬ-imaːniu-aː	give-prs.2pl	44		asu maːl-a aːma-a tajaːr xoraːk ɬ-imaːniu-aː xo kine gaː-imaːniu bi	prox.obl.pl livestock-obl house-obl ready food give-prs.2pl  where take-prs.2pl add	So you feed these animals home-made food or take them somewhere.
20220410-HishamWithGrass	naːm	nm	naːm	name	ɬa	ɬ-a	give-imp.sg	52		golaŋg-a ki ki qism-an-a golaŋg tʰi-met ɖal polaːna naːm ɬ-a biten	cattle-obl what what kind-gen-m cattle be-prs.3pl big  name give-imp.sg please	Please name some of the big annimals?
20220410-HishamWithGrass	pera	<Not Sure>	pera	on.guard	ɬimes	ɬ-imes	give-prs.2sg	62		kata pera ɬ-imes des-i	how.many on.guard give-prs.2sg day	How many time do you go?
20220417-RahimUllahZamidari	naːmnaːma	nm	naːm-naːm-a	name-pl-obl	ɬa	ɬ-a	give-imp.sg	33		asa ʥaː tu biu biu kata qism-an-i tʰɪ-maːn naːm-naːm-a ɬ-a baten aman-a xalaq karik qism-an-i biu-a law istimaːl ke-met	prox.obl.sg say.imp you.sg paneeri paneeri how.many kind-gen-f be-prs.3sg name-pl-obl give-imp.sg please our-m people which kind-gen-f paneeri-obl very do.use-prs.3pl	Name how many types of seeds are used for paddy cultivation especially in these areas?
20220424-RahmatGhaniBabaKiSabziyat	paːʂ	nf	paːʂ	dung	ɬa	ɬ-a	give-imp.sg	46		kʰaːnʦ-i paːʂ tala-i tasa tenna tasa kar ker-a ʈem-a tasa tenna uzel-i paːʂ ɬ-a ɖeraːn-i paːʂ ɬ-a	black-f dung put-cv dist.obl.sg from.there dist.obl.sg  do-imp.sg time-obl dist.obl.sg from.there white-f dung give-imp.sg f dung give-imp.sg	Black urea, white urea and this native dung also have to be added with it
20220424-RahmatGhaniBabaKiSabziyat	paːʂ	nf	paːʂ	dung	ɬa	ɬ-a	give-imp.sg	46		kʰaːnʦ-i paːʂ tala-i tasa tenna tasa kar ker-a ʈem-a tasa tenna uzel-i paːʂ ɬ-a ɖeraːn-i paːʂ ɬ-a	black-f dung put-cv dist.obl.sg from.there dist.obl.sg  do-imp.sg time-obl dist.obl.sg from.there white-f dung give-imp.sg f dung give-imp.sg	Black urea, white urea and this native dung also have to be added with it
20220424-RahmatGhaniBabaKiSabziyat	paːʂ	nf	paːʂ	dung	ɬitu	ɬ-itu	give-prf.2sg	49		tasan ajaː woj tʰana kʰaːnʦ-i paːʂ ɬ-itu ba law baj tʰana	dist.gen.sg come.pst.3sg prox.sg be.prs.3m.sg black-f dung give-prf.2sg irr very good be.prs.3m.sg	Black urea produces very good crops
20220424-RahmatGhaniBabaKiSabziyat	gila	n	gila	thing	ɬitum	ɬ-itum	give-prf.1sg	51		unzukaːl muj du ʈem-a gila ɬ-itum du ʈem-a muj paːʂ tali-tum nori saːf-a pena baːl-a mon-a gom lafl-a tʰana	year I.erg two time-obl thing give-prf.1sg two time-obl I.erg dung put-prf.1sg now all-obl from look-imp.sg my-m wheat good-m be.prs.3m.sg	I gave urea twice this year, now look my wheat is the best.
20220424-RahmatGhaniBabaKiSabziyat	paːʂ	nf	paːʂ	dung	ɬesa	ɬ-esa	give-fut.2sg	62		au tasa kʰaːnʦ-i paːʂ ɬ-esa uzel-i paːʂ ɬ-esa se taːnai baj b-imaːn	and dist.obl.sg black-f dung give-fut.2sg white-f dung give-fut.2sg dist.sg self good be-prs.3sg	Mixing it with white Urea, gives a bumper crop. 
20220424-RahmatGhaniBabaKiSabziyat	paːʂ	nf	paːʂ	dung	ɬesa	ɬ-esa	give-fut.2sg	62		au tasa kʰaːnʦ-i paːʂ ɬ-esa uzel-i paːʂ ɬ-esa se taːnai baj b-imaːn	and dist.obl.sg black-f dung give-fut.2sg white-f dung give-fut.2sg dist.sg self good be-prs.3sg	Mixing it with white Urea, gives a bumper crop. 
20220424-RahmatGhaniBabaKiSabziyat	inʈarwiu	nf	inʈarwiu	interview	ɬitu	ɬ-itu	give-prf.2sg	82		law ʂobaːn-i inʈarwiu ɬ-itu mehrbaːni	very beautiful-f interview give-prf.2sg thanks	Thank you for the very good interview.
20220506-HamasAfghanAtArandu	aːmaː	nm	aːma-a	house-obl	ɬimaːniu	ɬ-imaːniu	give-prs.2pl	22		tine baki me gawarbaːti aːma-a ɬ-imaːniu beraːnti baːzaːr-a bi gawarbaːti ɬ-imaːniu-aː	there side you.pl Gawar-word house-obl give-prs.2pl outside market-obl add Gawar-word give-prs.2pl	There in Afghanistan, you speak Gawarbati  in the houses or in the market.
20220506-NasirAhmadAfghanAtArandu	naːm	nm	naːm	name	ɬa	ɬ-a	give-imp.sg	28		xaː naːm ɬ-a aːxir ki ɕai nahnet ki nahnet	so name give-imp.sg ending what thing no.3pl what no.3pl	What are these things?
20220506-NasirAhmadAfghanAtArandu	naːm	nm	naːm	name	ɬimaːniu	ɬ-imaːniu	give-prs.2pl	31		matlab laka ɕila ʦʰika na ɬup-imet en faːr asãː ki me ki naːm ɬ-imaːniu tine	meaning like  clothes not sew-prs.3pl prox.erg/ins yonder prox.dat.sg to you.pl what name give-prs.2pl there	Such clothes are not sewn here. What do you call it?
20220506-NasirAhmadAfghanAtArandu	naːm	nm	naːm	name	ɬimet	ɬ-imet	give-prs.3pl	45		asa kʰens kam ke-ik-ãː ki naːm ɬ-imet	prox.obl.sg hair little do-vn-dat to name give-prs.3pl	What is the name of this hair style?
20220506-NasirAhmadAfghanAtArandu	peɣaːm	n	peɣaːm	message	ɬimes	ɬ-imes	give-prs.2sg	49		sahi waːri ki peɣaːm ɬ-imes ba gawaːr-ãː ki	true besides what message give-prs.2sg irr Gawar-dat to	Any message?
20220506-ZiaUddinAfghanAtArandu	naːm	nm	naːm	name	ɬa	ɬ-a	give-imp.sg	22		ate waːri qism-an-a ʦʰika ɬup-imet me waːri qism-an-a ʦʰika ɬup-imaːniu ja kata naːm ɬ-a baten ki qism-an-i farmaːiɕ ʥ-imet	here other kind-gen-m clothes sew-prs.3pl you.pl other kind-gen-m clothes sew-prs.2pl indf a.few name give-imp.sg please what kind-gen-f request(?) come-prs.3pl	Here are some other types of clothes that are sewn. Tell me the names of the types of clothes that are sewn.
20220506-ZiaUddinAfghanAtArandu	peɣaːm	n	peɣaːm	message	ɬimesaː	ɬ-imes-aː	give-prs.2sg	51		xaː sahi tʰana waːri ki peɣaːm ɬ-imes-aː	so true be.prs.3m.sg besides what message give-prs.2sg	Well if you should give some message.
20220506-ZiaUddinAfghanAtArandu	naːm	nm	naːm	name	ɬa	ɬ-a	give-imp.sg	59		tine ʥa-atu ɖaɖal gawar ɖaɖal naːm ɬ-a baten aman-a te ɖaɖal xalaq jaːd b-imet nijaː ime malak-aːn ime naːzim-aːn  men-a tine ɖaɖal gawr kara tʰanet laka jaːd b-imet	there say big Gawar big name give-imp.sg please our-m here big people memory be-prs.3pl  prox.pl Malak-pl prox.pl Nazim-3sg  your.pl-m there big Gawar who be.prs.3pl like memory be-prs.3pl	We remember some big people by name like Malik Chairman etc. Who do you remember?
20220701-AbulHassanNahairSafai	fanɖiŋg	n	fanɖiŋg	funding	ɬimet	ɬ-imet	give-prs.3pl	22		xo bas asan-a baːraː naj ta kara fanɖiŋg ɬ-imet	but okay prox.gen.sg-m  no  who funding give-prs.3pl	But no one funded it.
20220701-AbulHassanNahairSafai	paisa	nm	pajsa	money	ɬimet	ɬ-imet	give-prs.3pl	23		naj bi maramat-ãː pajsa ɬ-imet au naj bi kʰud ke-met	no add repair-dat money give-prs.3pl and no add do.ask-prs.3pl	They neither give nor ask for repair money
20220701-AbulHassanNahairSafai	paisa	nm	pajsa	money	ɬiu	ɬ-iu	give-imp.pl	47		asa kʰanʈa-an-a muramat-a ʂaʦi simeʈ na ke-maːniu ba maraːmat-a ʂaʦi pajsa ɬ-iu ʥa-ua tasa bi na ɬ-ɪton	prox.obl.sg drain-gen-m repair-obl for cement not do-prs.2pl irr repair-obl for money give-imp.pl say-pst.3m.sg dist.obl.sg add not give-prf.3pl	If you do not arrange the cementing of this canal, then give money for the repair
20220701-FazalAkbarAboutCWC	tartib	n	tartib	arrangement	ɬimet	ɬ-imet	give-prs.3pl	34		jak ɖikiɕneri-an-a tartib ɬ-imet	one dictionary-gen-m arrangement give-prs.3pl	This will create a dictionary.
20220701-FazalAkbarAboutCWC	tartib	n	tartib	arrangement	ɬijaːn	ɬ-ijaːn	give-pass	41		ʥo dera-a law taklif tʰ-ik-an-a pusar  tapa tʰ-ik-an-a pusar ʥo ja ʈʰaːn-a grup-a ja tartib ɬ-ijaːn na d-imaːn	room-obl very upsetting be-vn-gen-m because.of  heat be-vn-gen-m because.of  indf area-obl group-obl indf arrangement give-pass not go-prs.3sg	Due to the heat, all the groups cannot be seated in one place inside the room.
20220701-FazalAkbarAboutCWC	umur	n	umur	age	ɬijau	ɬ-ijau	give-opt	96		allah asan-i umur-a barakat tala-jau  allah asa umur ɬ-ijau ʨi asa baːti-a ja ʈʰaːn-ãː feda-i	God prox.gen.sg-f age-obl blessing put-opt  God prox.obl.sg age give-opt that prox.obl.sg word-obl indf area-dat reach-cv	May he live long
20220701-FazalAkbarAboutCWC	umur	n	umur	age	ɬijau	ɬ-ijau	give-opt	106		allah asan-i umr-a barakat tala-jau allah asa umur ɬ-ijau zi amãː ki	God prox.gen.sg-f age-obl blessing put-opt God prox.obl.sg age give-opt comp we.dat to	May Allah bless his life
20220702-AbdulMananSingingPoetry	haːnsi	nf	haːnsi	mouth	ɬitu	ɬ-itu	give-prf.2sg	20		hansi hansi naː mo  xaːli haːnsi ɬ-itu	mouth mouth  I.obl  just mouth give-prf.2sg	You cheated me in the name of friendship
20220702-AbdulMananSingingPoetry	haːnsi	nf	haːnsi	mouth	ɬitu	ɬ-itu	give-prf.2sg	22		hansi hansi naː mo  xaːli haːnsi ɬ-itu naː	mouth mouth  I.obl  just mouth give-prf.2sg	Cheated me in the name of friendship
20220706-AbdulMananTellingFolkTale[1]	gam	n	gam	beating	ɬimaːn	ɬ-imaːn	give-ptcp.ipf	17		tasa heʦi-a ɖonɖ-e ɬi gam ɬ-imaːn buwa	dist.obl.sg cow-obl stick-ins by beating give-ptcp.ipf be.pst.3m.sg	He was hitting the cow with a stick.
20220706-AbdulMananTellingFolkTale[1]	gam	n	gam	beating	ɬɪmaːn	ɬɪ-maːn	give-prs.3sg	18		xalaq hairaːn bot woj zuwaːn taːnu heʦi-a kinaː gam ɬɪ-maːn	people wondering(?) be.pst.3pl prox.sg young.man self's cow-obl  beating give-prs.3sg	The people were astonished why he was hitting the cow with a stick?
20220706-AbdulMananTellingFolkTale[1]	gam	n	gam	beating	ɬa	ɬ-a	give-imp.sg	23		ɖal ɖonɖ go-i gam ɬ-a	big stick take-cv beating give-imp.sg	Rather, they beat with big sticks
20220706-AbdulMananTellingFolkTale[1]	tasali	<Not Sure>	tasali	satisfied(?)	ɬitus	ɬ-itus	give-prf.3sg	28		ʥ-i asa zuwaːn-a tasali ɬ-itus ʨi	come-cv prox.obl.sg young.man-obl satisfied(?) give-prf.3sg that	He comforted the young man
20220706-AbdulMananTellingFolkTale[1]	tasali	<Not Sure>	tasali	satisfied(?)	ɬɪtus	ɬɪ-tus	give-prf.3sg	34		ten mulaː ji asa zuwaːn-a tasali ɬɪ-tus ʨi ãː ɖal mulaː tʰanem	dist.erg.sg Mula erg/ins prox.obl.sg young.man-obl satisfied(?) give-prf.3sg that I big saint be.prs.1m.sg	This saint comforted this young man that I am a big saint.
20220706-AbdulMananTellingFolkTale[2]	dilaːsa	n	dilaːs-a	comfort(?)-obl	ɬitus	ɬ-itus	give-prf.3sg	28		maɕ-es i tasa dilaːs-a ɬ-itus	wife-pos erg/ins dist.obl.sg comfort(?)-obl give-prf.3sg	On this wife started comforting her husband
20220706-MeraKhantellingfolkTale	gila	n	gila	thing	ɬɪtus	ɬɪ-tus	give-prf.3sg	11		gila ɬɪ-tus  noʈas ɬ-itus	thing give-prf.3sg  notes give-prf.3sg	Informed 
20220706-MeraKhantellingfolkTale	noʈas	n	noʈas	notes	ɬitus	ɬ-itus	give-prf.3sg	11		gila ɬɪ-tus  noʈas ɬ-itus	thing give-prf.3sg  notes give-prf.3sg	Informed 
20220706-MeraKhantellingfolkTale	ʥawaːb	n	ʥawaːb	question(?)	ɬi	ɬ-i	give-cv	88		se toli ʥawaːb ɬ-i	dist.sg when question(?) give-cv	He was responsible
20220710-FarozKhanEidWishing	mubaːraki	n	mubaːraki	congratulations	ɬitu	ɬ-itu	give-prf.2sg	7		au axtar-a ki raw-an-a ter ker-u taːnu taːnuwaːr-a manzi ki raw-an-a mubaːraki ɬ-itu	and Eid-obl what way-gen-m passing do-pst.2sg self's relative-obl with/at what way-gen-m congratulations give-prf.2sg	How was the Eid of relatives with you?
20220710-FarozKhanEidWishing	saːfãː	n	saːf-ãː	all-dat	ɬitus	ɬ-itus	give-prf.3sg	13		au giri ustaːz-e axtar-an-i bumbaːraki saːf-ãː ɬ-itus	and then teacher-erg/ins Eid-gen-f congratulations all-dat give-prf.3sg	The teacher also congratulated everyone on Eid
20220710-FarozKhanEidWishing	mast	<Not Sure>	mast	m-redupl	ɬi	ɬ-i	give-cv	16		jajak-en-a aːma d-i  manzi hast mast ɬ-i d-i mumbaːraki	one-one-gen-obl house go-cv  with/at hand m-redupl give-cv go-cv congratulations	Congratulation to each other.
20220710-FarozKhanEidWishing	mumbaːraki	n	mumbaːraki	congratulations	ɬi	ɬ-i	give-cv	26		tasu manzi mumbaːraki ɬ-i aːxir-an sar dam bagran d-ibom	dist.obl.pl with/at congratulations give-cv final Sir Dam towards go-dist.pst.1sg	Together with them, they came towards Mohalla Dum
20220710-FarozKhanEidWishing	anda	nm	anda	meat	ɬa	ɬ-a	give-imp.sg	49		ʥa a e anda ɬ-a	say   meat give-imp.sg	Feed us meet well.
20220710-FarozKhanEidWishing	bumbaːraki	n	bumbaːraki	congratulations	ɬik	ɬ-ik	give-vn	50		aːnda ʐu-i nes-i tasa bumbaːraki ɬ-ik	meat eat-cv come.out-cv dist.obl.sg congratulations give-vn	They congratulated and left after eating meat
20220710-FarozKhanEidWishing	bumbaːraki	n	bumbaːraki	congratulations	ɬik	ɬ-ik	give-vn	53		giri tinena nes-i ja aːma-i taraːn d-ik tasa bumbaːraki ɬ-ik	then from.there come.out-cv indf house-erg/ins through go-pst.1pl dist.obl.sg congratulations give-vn	When we left there, we would go to someone else and congratulate them
20220710-FarozKhanEidWishing	taufiq	n	taufiq	blessing	ɬijau	ɬ-ijau	give-opt	66		au aːjinda-a ʂaʦi bi allah pak taufiq ɬ-ijau ama	and future-obl for add God clean blessing give-opt we	And may God bless you in the future
20220710-FarozKhanEidWishing	mumbaːraki	n	mumbaːraki	congratulations	ɬik	ɬ-ik	give-vn	70		har jak-i-an-a aːma-a mumbaːraki ɬ-ik aulaːd-an-a	every one-nmlz-gen-m house-obl congratulations give-vn offspring-gen-m	Eid greetings to everyone
20220710-FarozKhanEidWishing	bumbaːraki	n	bumbaːraki	congratulations	ɬet	ɬ-et	give-pst.3pl	71		tinena time ʥ-et ba taːnu aulaːd-an-a ʈʰaːn time bumbaːraki ɬ-et	from.there dist.pl come-pst.3pl irr self's offspring-gen-m area dist.pl congratulations give-pst.3pl	If they came from there to meet their children, we would also welcome them
20220710-FarozKhanEidWishing	taufiq	n	taufiq	blessing	ɬijau	ɬ-ijau	give-opt	85		hã xo allah taufiq ɬ-ijau	yes but God blessing give-opt	May Allah grant us with grace
20220718-FazalHakimAfghanAboutLibatary	baːti	nf	baːti	word	ɬimes	ɬ-imes	give-prs.2sg	55		jak te dar-ik-an-a baːwuʥud ɕil-i ʂobaːn-i gawar baːti ɬ-imes asan-a ki waʥa tʰana	one dist.obl.sg stay-vn-gen-m reason such-f beautiful-f Gawar word give-prs.2sg prox.gen.sg-m what reason be.prs.3m.sg	What is the reason for speaking Guarbati so well despite being alone here?
20220718-FazalHakimAfghanAboutLibatary	rilif	n	rilif	relief	ɬimes	ɬ-imes	give-prs.2sg	72		xalaq-ãː laka ki qism-an-a gila b-imaːn laka ki qism-an-a rilif ɬ-imes	people-dat like what kind-gen-m thing be-prs.3sg like what kind-gen-m relief give-prs.2sg	What do people benefit from this laboratory of yours?
20220718-FazalHakimAfghanAboutLibatary	peɣaːm	n	peɣaːm	message	ɬimes	ɬ-imes	give-prs.2sg	106		law mehrabaːni aːxiri ki kalimaːt ki gawar-ãː ki peɣaːm ɬ-imes jaː naːi-an-a faːrbak-an-a xalaq-ãː ki	very thanks final what words what Gawar-dat to message give-prs.2sg or Nari-gen-m yonder-side-gen-m people-dat to	Thank you very much, in the last words if you want to give a message, especially for the Afghan brothers
20220718-IsrarudinTailoring	peɣaːm	n	peɣaːm	message	ɬimesaː	ɬ-imes-aː	give-prs.2sg-q	99		gawar-ãː ki peɣaːm ɬ-imes-aː	Gawar-dat to message give-prs.2sg-q	Any message for the Guar people. 
20220718-QaderAndBabarConversation	alaːqa	nm	alaːqa	area	ɬitus	ɬ-itus	give-prf.3sg	25		pudam na d-imaːn naj ba allah paːk-e amãː ki law ʂobaːn-a alaːqa ɬ-itus	forward not go-prs.3sg no irr God clean-erg/ins we.dat to very beautiful-m area give-prf.3sg	Arundu is not developing otherwise Allah has given us a very beautiful area
20220718-QaderAndBabarConversation	bum	nf	bum	earth	ɬitus	ɬ-itus	give-prf.3sg	26		ɖaɖal ɖaɖal bum ɬ-itus ʂobaːn-a aːu ɬ-itus tasan-a baːwuʥud ama taraqi kiãː na ke-mek	big big earth give-prf.3sg beautiful-m water give-prf.3sg dist.gen.sg-m reason we development why not do-prs.1pl	There are agricultural lands, there is plenty of water, but why are we not able to develop?
20220718-QaderAndBabarConversation	aːu	nm	aːu	water	ɬitus	ɬ-itus	give-prf.3sg	26		ɖaɖal ɖaɖal bum ɬ-itus ʂobaːn-a aːu ɬ-itus tasan-a baːwuʥud ama taraqi kiãː na ke-mek	big big earth give-prf.3sg beautiful-m water give-prf.3sg dist.gen.sg-m reason we development why not do-prs.1pl	There are agricultural lands, there is plenty of water, but why are we not able to develop?
20220718-QaderAndBabarConversation	baːga	n	baːga	day(24hours)	ɬituwa	ɬ-ituwa	give-prf.1pl(?)	56		aa ʥu bas du baːga ɬe baːga ɬ-ituwa ʥaːnaː axtar-e baːd	okay two day(24hours) three day(24hours) give-prf.1pl(?)  Eid-erg/ins after	Even after Eid, he spent two or three days at home
20220718-QaderAndBabarConversation	reʈi	n	reʈ-i	rate-erg/ins	ɬimek	ɬ-imek	give-prs.1pl	97		ama rataj laka karik ɕai-a amaj karik reʈ-i go-idaːwok ba ten reʈ-i ɬ-imek	we.obl on like which thing-obl we.erg which rate-erg/ins take-dist.pst.1pl irr dist.erg.sg rate-erg/ins give-prs.1pl	So we give the same rate as it comes
20220718-QaderAndBabarConversation	peɣaːma	n	peɣaːm-a	message-obl	ɬimek	ɬ-imek	give-prs.1pl	121		gawar qaum-ãː ki asa peɣaːm-a ɬ-imek ʨi	Gawar tribe-dat to prox.obl.sg message-obl give-prs.1pl that	This is a message for the Guar nation
20220718-QaderAndBabarConversation	peɣaːma	n	peɣaːm-a	message-obl	ɬimek	ɬ-imek	give-prs.1pl	123		asa ʂaʦi ama gawar qaum-ãː ki asa peɣaːm-a ɬ-imek xaːs kar nauʥuwaːn-aːn-ãː ki	prox.obl.sg for we Gawar tribe-dat to prox.obl.sg message-obl give-prs.1pl special  adoloscents-dat to	For this, we especially give this message to the youth
20220718-QaderAndBabarConversation	heɽa	nm	heɽa	heart	ɬimek	ɬ-imek	give-prs.1pl	132		beraːnt-an-a xalaq-ãː ki ama heɽa ɬ-imek  taːnu mazi bliaːja bliaːja-aː̃ ki ama lenŋgi ɬ-imek	outside-gen-m people-dat to we heart give-prs.1pl  self's with/at brother brother-dat to we  give-prs.1pl	They give their hearts to outsiders and are enemies of each other
20220718-RahmatUllahServices	paisaː	nm	paisa-a	money-obl	ɬimaːn	ɬ-imaːn	give-ptcp.ipf	84		inkom saporʈ prugraːm-an-a karik paisa-a ɬ-imaːn bua-e	income support program-gen-m which money-obl give-ptcp.ipf be.pst.3m.sg	Benazir Income Support Program money they were giving
20220718-RahmatUllahServices	peɣaːm	n	peɣaːm	message	ɬimes	ɬ-imes	give-prs.2sg	137		rahmatullah saːhib ki gawar-ãː ki ki baj peɣaːm ɬ-imes ba	Rahmatullah Sir what Gawar-dat to to good message give-prs.2sg irr	What is the message of Rahmatullah to the Gawar people?
20220718-RahmatUllahServices	waːri	adj	waːri	other	ɬimem	ɬ-imem	give-prs.1sg	168		nori karik ʨi haranu-a ʂaʦi ja xuɕxabri waːri ɬ-imem	now which that Arandu-obl for indf good.news other give-prs.1sg	Now I have another good news for Arundu
20220718-RahmatUllahServices	xuɕxabria	n	xuɕxabri-a	good.news-obl	ɬimem	ɬ-imem	give-prs.1sg	176		nori haranu-an-a xalq-ãː asa xuɕxabri-a ɬ-imem	now Arandu-gen-m people-dat prox.obl.sg good.news-obl give-prs.1sg	Now this is good news for Arundu
20220809-SamiAslamMobileRepier	haːra	n	haːra	song	ɬimete	ɬ-imet-e	give-prs.3pl	55		gawargaːʂʈi karik ɕaːiri-an-a andaːzi karik haːra ɬ-imet-e tasãː te haranu-a law baj zaːn-imet	Gawar-language which poetry-gen-m  which song give-prs.3pl dist.dat.sg dist.obl.sg Arandu-obl very good think-prs.3pl	In Arundu, those songs which are sung in good poetry are preferred
20220907-YaqubKhanFloodEffactedAtRamRam	paisae	nm	paisa-e	money-erg/ins	ɬidaːum	ɬ-idaːum	give-dist.pst.1sg	9		au asa muj guʥur-ãː ki ɬ-idaːum paisa-e ɬ-idaːum paisa-e mãː ʐupa-idaːon	and prox.obl.sg I.erg Gujur-dat to give-dist.pst.1sg money-erg/ins give-dist.pst.1sg money-erg/ins I.dat make-dist.pst.3pl	And I had given the contract to a Gujjar person to make. 
20220909-GulamBuDinDriver	waːʂ	nm	waːʂ	rain	ɬitus	ɬ-itus	give-prf.3sg	49		nori waːʂ ɬ-itus ba nun sobaːra en-faːr ʂaul law ziaːt tʰi-maːn	now rain give-prf.3sg irr today nowadays yonder clay very more be-prs.3sg	Now whenever it rains, there is more clay
20220909-GulamBuDinDriver	naːmana	nm	naːm-an-a	name-gen-m	ɬa	ɬ-a	give-imp.sg	52		tu karik ʈʰaːn far gila b-imes tasu naːm-an-a ɬ-a ki raw-an-a karik karik	you.sg which area yonder thing be-prs.2sg dist.obl.pl name-gen-m give-imp.sg what way-gen-m which which	Tell me the names of these places where you go?
20220909-GulamBuDinDriver	leʈar	n	leʈar	liter	ɬimet	ɬ-imet	give-prs.3pl	68		te aːn-i haranu-a amãː ki ek sau sattar rupai-e ɬi leʈar ɬ-imet	dist.obl.sg bring-cv Arandu-obl we.dat to one hundred seventy rupee-erg/ins by liter give-prs.3pl	But in Arundu they sell at 170 rupees per litter. 
20220909-GulamBuDinDriver	waːʂ	nm	waːʂ	rain	ɬɪtus	ɬɪ-tus	give-prf.3sg	100		xo waːʂ ɬɪ-tus ba laka amãː law ziaːt taklif tʰ-imaːn ʈʰaːn-a ki	but rain give-prf.3sg irr like we.dat very more upsetting be-prs.3sg area-obl	We, the drivers, suffer on rainy days
20220909-InamullahNarrationAboutRamRam	wagila	nm	wagila	thing	ɬetijau	ɬ-etij-au	give-opt	31		tasan-a waʥa-e ama ʥa-mek ʨi paraz-os-aː aman-a te gal-ãː jafala wagila ɬ-etij-au	dist.gen.sg-m reason-erg/ins we say-prs.1pl that understand-pst.2sg-q our-m dist.obl.sg valley-dat some thing give-opt	Due to the same reasons, we demand that the government also pay attention to this
20220909-InamullahNarrationAboutRamRam	tauʥu	nf	tauʥu	attention	ɬetijau	ɬ-etij-au	give-opt	32		tauʥu ɬ-etij-au	attention give-opt	Attention should also be paid to this side
20220909-InamullahNarrationAboutRamRam	moqa	n	moq-a	opportunity-obl	ɬimaːn	ɬ-imaːn	give-prs.3sg	37		ama tasa manzi se kol kol ama muɕ-ik-an-a moq-a ɬ-imaːn	we.obl dist.obl.sg with/at dist.sg when when we play-vn-gen-m opportunity-obl give-prs.3sg	He gives us the opportunity to play in his field
20220909-InamullahNarrationAboutRamRam	biklia	nf	bikli-a	field-obl	ɬi	ɬ-i	give-cv	51		bikli-a ɬ-i	field-obl give-cv	Here are the fields
20220909-InamullahNarrationAboutRamRam	aːu	nm	aːu	water	ɬimet	ɬ-imet	give-prs.3pl	57		tasa ʥwaːr tala-i time ʥwaːr aːu ɬ-imet	dist.obl.sg corn put-cv dist.pl corn water give-prs.3pl	They plant corn and water it
20220909-InamullahNarrationAboutRamRam	naːm	nm	naːm	name	ɬa	ɬ-a	give-imp.sg	76		naːm ɬa laːm-naːm-an-a naːm ɬ-a	name  village-pl-gen-m name give-imp.sg	None
20220909-JihadUllahTellingLifeStory	baːga	n	baːga	day(24hours)	ɬi	ɬ-i	give-cv	21		braʥu-a baːga ɬ-i	Bara-Ju-obl day(24hours) give-cv	We spent a night there
20220909-JihadUllahTellingLifeStory	baːga	n	baːga	day(24hours)	ɬi	ɬ-i	give-cv	24		tine baːga ɬ-i roʦ-ãː	there day(24hours) give-cv morning-dat	There we spent the night
20220909-JihadUllahTellingLifeStory	baːga	n	baːga	day(24hours)	ɬi	ɬ-i	give-cv	28		tine jak saːiɖ-a baːga ɬ-i amaː kasana	there one side-obl day(24hours) give-cv we.dat	We spent the night there on one side
20220909-JihadUllahTellingLifeStory	baːga	n	baːga	day(24hours)	ɬi	ɬ-i	give-cv	39		tiniãː ʥ-i tine baːga ɬ-i tine sukun a-raːm ki	that.dat come-cv there day(24hours) give-cv there  Ram	Coming there we rested and spent the night
20220909-JihadUllahTellingLifeStory	kilaːi	n	kilaːi	cheese	ɬiton	ɬ-iton	give-prf.3pl	43		tine amãː taqriban das pandraː kilaːi ɬ-iton	there we.dat approximately ten fifteen cheese give-prf.3pl	There these people gave us about ten to fifteen chees pieces.
20220909-JihadUllahTellingLifeStory	ustaːza	n	ustaːz-a	teacher-obl	ɬitok	ɬ-itok	give-prf.1pl	50		kilaːji milaːji-naːm aːn-ok ʥu jak-i-a naːim ustaːz-a ɬ-itok	cheese m-redupl-pl bring-pst.1pl  one-obl Naeem teacher-obl give-prf.1pl	I gave one of the cheeses we had to Naeem
20220909-JihadUllahTellingLifeStory	saːt	n	saːt	little	ɬiwana	ɬ-iwana	give-nonfin.debit	82		sa ʂaʦi ɕiki ker-ana tana fauʥa manzi saːt ɬ-iwana tana hukumat-a manzi saːt ɬ-iwana tana aman-a awaːm-an-a	prox.obl.sg for so do-nonfin.debit be.prs.3m.sg army with/at little give-nonfin.debit be.prs.3m.sg government-obl with/at little give-nonfin.debit be.prs.3m.sg our-m public-gen-m	For this, the army and the government will have to support us
20220909-JihadUllahTellingLifeStory	saːt	n	saːt	little	ɬiwana	ɬ-iwana	give-nonfin.debit	82		sa ʂaʦi ɕiki ker-ana tana fauʥa manzi saːt ɬ-iwana tana hukumat-a manzi saːt ɬ-iwana tana aman-a awaːm-an-a	prox.obl.sg for so do-nonfin.debit be.prs.3m.sg army with/at little give-nonfin.debit be.prs.3m.sg government-obl with/at little give-nonfin.debit be.prs.3m.sg our-m public-gen-m	For this, the army and the government will have to support us
20221009-AbulHassanCuttingMaize	maːla	n	maːl-a	livestock-obl	ɬijana	ɬ-ijana	give-nonfin.debit	23		ki ʥu maːl maːl-a ɬ-ijana tana	livestock livestock-obl give-nonfin.debit be.prs.3m.sg	Will also keep for animals
20221009-AbulHassanCuttingMaize	pam	n	pam	pump	ɬijaːn	ɬ-ijaːn	give-pass	39		giri woj nori pam ɬ-ijaːn d-imaːn	then prox.sg now pump give-pass go-prs.3sg	Pumps are also installed to protect against insects
20221009-AbulHassanCuttingMaize	maːlãː	n	maːl-ãː	livestock-dat	ɬimek	ɬ-imek	give-prs.1pl	67		ana baːd ki dar-uwa ba tasu ki maːl-ãː ɬ-imek	after what stay-pst.3m.sg irr dist.obl.pl what livestock-dat give-prs.1pl	Some animals also have a part in it
20221009-AbulHassanCuttingMaize	waːlaː	n	waːlaː	people	ɬimit	ɬ-imit	give-prs.3pl	111		tasa e baːd giri namaːtpeɕi baːd giri tasa miʂʈi-a aɕar waːlaː ɬ-imit e	dist.obl.sg erg/ins after then  after then dist.obl.sg bread-obl  people give-prs.3pl	After that they feed them the food they have
20221015-GholamMalakCuttingMeat	muʂʈi	nf	muʂʈi	bread	ɬimek	ɬ-imek	give-prs.1pl	33		xalaq-a muʂʈi ɬ-imek	people-obl bread give-prs.1pl	for people
20221015-GholamRazaqTellingFolkTale	moqa	n	moq-a	opportunity-obl	ɬitus	ɬ-itus	give-prf.3sg	74		ɕiki mi ʥo allah paːk-e amãː ker-i te duniaː laka moq-a ɬ-itus nijaː ki ker-a ʥa-i	so   God clean-erg/ins we.dat do-cv dist.obl.sg world like opportunity-obl give-prf.3sg  any(thing) do-imp.sg say-cv	In this way Allah has given us the opportunity to do something
20221030-HizbullahTellingAboutAGame	naːm	nm	naːm	name	ɬa	ɬ-a	give-imp.sg	57		xaː woj nori karakara en-bagran giri asun-a naːm ɬ-a	so prox.sg now who-who towards then prox.gen.sg-m name give-imp.sg	Well, who are these, tell me their names
20221030-HizbullahTellingAboutAGame	ʨaɣ	n	ʨaɣ	shout	ɬimaːn	ɬ-imaːn	give-ptcp.ipf	150		woj zaːtak-a gam bi ʂa-maːn law  baŋgara-maːn   ʥa-i ʨaɣ ɬ-imaːn	prox.sg young.people-obl beating add send-prs.3sg very  prs.3sg   say-cv shout give-ptcp.ipf	It also knocks down and injures boys 
20221030-HizbullahTellingAboutAGame	ɕikast	n	ɕikast	defeat	ɬitu	ɬ-itu	give-prf.2sg	154		kark-a kark-a ɕikast ɬ-itu nori miz	someone-obl someone-obl defeat give-prf.2sg now until	Who has beaten whom so far?
20221030-HizbullahTellingAboutAGame	ɕikast	n	ɕikast	defeat	ɬitu	ɬ-itu	give-prf.2sg	156		kark-a kark-a ɕikast ɬ-itu	someone-obl someone-obl defeat give-prf.2sg	Whome you have defeated?
20221030-HizbullahTellingAboutAGame	ɕikast	n	ɕikast	defeat	ɬimes	ɬ-imes	give-prs.2sg	160		naiau har des laka kark-a kark-a law ɕikast ɬ-imes	every day like someone-obl someone-obl very defeat give-prs.2sg	Means whome you have defeated yet
20221030-HizbullahTellingAboutAGame	ɕikast	n	ɕikast	defeat	ɬitus	ɬ-itus	give-prf.3sg	162		zafar ʥa-i tine tenbak-an-a ja nika tʰana ɖal maːnuʂ tʰana tasa bi en ɕikast ɬ-itus	Zafar say-cv there after-gen-m indf boy be.prs.3m.sg big man be.prs.3m.sg dist.obl.sg add prox.erg/ins defeat give-prf.3sg	There is one named Zafar, he also defeated him
20221101-MuhammadShahMechanic	ʥawaːb	n	ʥawaːb	question(?)	ɬiba	ɬ-iba	give-fut.3sg	9		ja kata sawaːl-aːt ker-ika woj tasan-i ʥawaːb ɬ-iba	indf a.few question-pl do-fut.1pl prox.sg dist.gen.sg-f question(?) give-fut.3sg	He will respond to some of the questions. 
20221101-MuhammadShahMechanic	paisa	nm	pajsa	money	ɬiton	ɬ-iton	give-prf.3pl	60		pajsa ɬ-iton ba time du-mi taːnu kata ɕaːm bui ba pajsa buwa ba taːnu manzi taqsim ke-met	money give-prf.3pl irr dist.pl two-collect self's how.many evening be.pst.3f.sg irr money be.pst.3m.sg irr self's with/at divided do-prs.3pl	At the end of the day, whatever money is saved, they divide it among themselves.
20221101-MuhammadShahMechanic	paːk	adj	paːk	clean	ɬimaːn	ɬ-imaːn	give-ptcp.ipf	107		har kark-an-a taːnu taːnu hisaːb kitaːb tʰ-imaːn rizq tʰ-imaːn bas allah paːk ɬ-imaːn ja tareqa-e	every someone-gen-m self's self's counting book be-prs.3sg livelihood be-prs.3sg okay God clean give-ptcp.ipf indf way-erg/ins	Everyone has their own  work, only Allah is the master of sustenance
20230111-AhsanUllahDriver	saːmaːn	n	saːmaːn	goods	ɬiton	ɬ-iton	give-prf.3pl	63		au paːʈak  e faːr ki saːmaːn ɬ-iton ba ta ɖrewar-aːn mufta-a aːn-imet	and check.post  erg/ins yonder what goods give-prf.3pl irr  driver-pl for.free bring-prs.3pl	the stuff from the government officals which are given at check posts are also brought free
20230111-AmirWaliShahAtMedicalStor	dawaːiː	n	dawaːiː	medicine	ɬema	ɬ-ema	give-fut.1sg	12		tãː dawaːiː ɬ-ema baiaː sabur ker-a ja saːt niʂ	you.sg.dat medicine give-fut.1sg  patient do-imp.sg indf little	i will give you medicine be patient
20230111-AmirWaliShahAtMedicalStor	ʈema	nf	ʈem-a	time-obl	ɬimaːntisa	ɬ-imaːntisa	give-debit.2sg	16		ɬe ʈem-a ɬ-imaːntisa	three time-obl give-debit.2sg	three times a day 
20230111-AmirWaliShahAtMedicalStor	ʈema	nf	ʈem-a	time-obl	ɬa	ɬ-a	give-imp.sg	18		woj jak karik golai tʰini ba asa du du ʈem-a ɬ-a	prox.sg one which tablet be.prs.3f.sg irr prox.obl.sg two two time-obl give-imp.sg	take that tablet twice a day
20230111-AmirWaliShahAtMedicalStor	daːna	n	daːna	piece	ɬesa	ɬ-esa	give-fut.2sg	19		ɬe ʈem-a du du daːna ɬ-esa	three time-obl two two piece give-fut.2sg	three times two two tablets
20230111-AmirWaliShahAtMedicalStor	ʈema	nf	ʈem-a	time-obl	ɬesa	ɬ-esa	give-fut.2sg	20		asa jak golai-a karik tʰini ba du ʈem-a ɬ-esa	prox.obl.sg one tablet-obl which be.prs.3f.sg irr two time-obl give-fut.2sg	that one tablet is twise a day
20230111-AmirWaliShahAtMedicalStor	ʈema	nf	ʈem-a	time-obl	ɬimaːntisa	ɬ-imaːntisa	give-debit.2sg	29		sa ɬe ʈem-a ɬ-imaːntisa	prox.obl.sg three time-obl give-debit.2sg	give it three times a day
20230111-AmirWaliShahAtMedicalStor	ʈema	nf	ʈem-a	time-obl	ɬesa	ɬ-esa	give-fut.2sg	31		asa ɬe ʈem-a ɬ-esa	prox.obl.sg three time-obl give-fut.2sg	it has to taken three times
20230111-AmirWaliShahAtMedicalStor	ʈema	nf	ʈem-a	time-obl	ɬimaːntisa	ɬ-imaːntisa	give-debit.2sg	38		asa du du daːna ɬe ʈem-a ɬ-imaːntisa	prox.obl.sg two two piece three time-obl give-debit.2sg	give two two tablets three times this one
20230111-AmirWaliShahAtMedicalStor	ʈema	nf	ʈem-a	time-obl	ɬesa	ɬ-esa	give-fut.2sg	40		du du ʨamaʨ ɬe ʈem-a ɬ-esa	two two spoon(?) three time-obl give-fut.2sg	give two two spoons three times a day
20230111-AmirWaliShahAtMedicalStor	taːrexa	nf	taːrex-a	date-obl	ɬika	ɬ-ika	give-fut.1pl	51		bas ɬ-ika naː  ek taːrex-a ɬ-ika naː	okay give-fut.1pl   one date-obl give-fut.1pl	will give it on first of the month
20230111-AmirWaliShahAtMedicalStor	taːrexa	nf	taːrex-a	date-obl	ɬimesaː	ɬ-imes-aː	give-prs.2sg-q	53		ek taːrex-a ɬ-imes-aː	one date-obl give-prs.2sg-q	will pay on first date?
20230111-AmirWaliShahAtMedicalStor	eplikeɕan	n	eplikeɕan	application	ɬi	ɬ-i	give-cv	107		ɖi eʨ o aːfis-ãː ki amaj eplikeɕan ɬ-i	DHO office-dat to we.erg application give-cv	we submitted the applications for that posts
20230111-AmirWaliShahAtMedicalStor	waːʂ	nm	waːʂ	rain	ɬimaːn	ɬ-imaːn	give-ptcp.ipf	150		mosam beraːnti waːʂ ɬ-imaːn xaʈa tʰana	weather outside rain give-ptcp.ipf  be.prs.3m.sg	it is raining
20230111-BahramKhanMasjedMolve	tartib	n	tartib	arrangement	ɬimem	ɬ-imem	give-prs.1sg	19		asu nikanika-an-a sabaq-an-a tartib ɬ-imem	prox.obl.pl children-gen-m lesson-gen-m arrangement give-prs.1sg	I give lessons to these children
20230111-IjazUllahTeachingAtIPS	lekʨar	n	lekʨar	lecture	ɬimaːn	ɬ-imaːn	give-ptcp.ipf	4		woj taːnu ɕaːgird-aːn-ãː ki lekʨar ɬ-imaːn sabaq ʥa-maːn	prox.sg self's student-pl-dat to lecture give-ptcp.ipf lesson say-prs.3sg	he is giving lecture to his students
20230111-IjazUllahTeachingAtIPS	aːu	nm	aːu	water	ɬimek	ɬ-imek	give-prs.1pl	34		zaːilem-an-a ɬam karik tʰ-imaːn ba ama se muʈʰa-naːm-a aːu ɬ-imek	xylem-gen-m work which be-prs.3sg  we dist.sg tree-pl-obl water give-prs.1pl	xylem's job is, when we water a plant
20230111-PrincipleAbdulHadiAtIPS	tawaʥu	nf	tawaʥu	attention	ɬimaːn	ɬ-imaːn	give-prs.3sg	80		aur ustaːz alag alag tawaʥu ɬ-imaːn	and teacher separate(?) separate(?) attention give-prs.3sg	The teacher is giving separate attention
20230111-PrincipleAbdulHadiAtIPS	fokas	n	fokas	focus	ɬitok	ɬ-itok	give-prf.1pl	92		ʨi ama fokas ɬ-itok	that we focus give-prf.1pl	our focus is towards that
20230111-PrincipleAbdulHadiAtIPS	dehaːn	n	dehaːn	attention	ɬetiau	ɬ-etiau	give-opt	103		taːlim  -an-i bagran dehaːn ɬ-etiau	education  gen-f towards attention give-opt	Their attention should be directed towards education
20230111-PrincipleAbdulHadiAtIPS	taːlim	nf	taːlim	education	ɬimik	ɬ-imik	give-prs.1pl	109		ama te taːlim ɬ-imik	we here education give-prs.1pl	we are educating here
20230111-PrincipleAbdulHadiAtIPS	taːlim	nf	taːlim	education	ɬimek	ɬ-imek	give-prs.1pl	144		au tasu ama friː taːlim ɬ-imek	and dist.obl.pl we free education give-prs.1pl	we give them free education
20230111-PrincipleAbdulHadiAtIPS	fiz	n	fiz	fee(?)	ɬi	ɬ-i	give-cv	145		aur baːz nikanika ɕil-a tʰanet ʨi time fiz ɬ-i na ba-met	and a.few children such-m be.prs.3pl that dist.pl fee(?) give-cv not can-prs.3pl	and some children cannot pay the fee
20230111-PrincipleAbdulHadiAtIPS	taːlim	nf	taːlim	education	ɬimek	ɬ-imek	give-prs.1pl	151		ʥu en tarz  -e ama jaːni taːnu nika nika-a taːlim ɬ-imek	prox.erg/ins way  erg/ins we that.is self's children-obl education give-prs.1pl	So in this way we are educating these children
20230111-PrincipleAbdulHadiAtIPS	fokas	n	fokas	focus	ɬimet	ɬ-imet	give-prs.3pl	159		aur tamaːm ʈiʨars laka taːnu nika nika-a rataj law fokas ɬ-imet	and all teachers like self's children-obl on very focus give-prs.3pl	all the teachers trust their students
20230111-PrincipleAbdulHadiAtIPS	fokas	n	fokas	focus	ɬimaːn	ɬ-imaːn	give-prs.3sg	162		se taːnu taːlib ilm  -a rataj law fokas ɬ-imaːn	dist.sg self's student  obl on very focus give-prs.3sg	focus their students the most
20230111-PrincipleAbdulHadiAtIPS	taːqat	n	taːqat	strength	ɬijau	ɬ-ijau	give-opt	175		allah taaːlaː tasu taːqat ɬ-ijau	God almighty dist.obl.pl strength give-opt	God give them the strength
20230111-PrincipleAbdulHadiAtIPS	taufiq	n	taufiq	blessing	ɬijau	ɬ-ijau	give-opt	176		au mazid gawar-i prugraːm ke-ik  -an-i tasu taːqat au taufiq ɬ-ijau	and more Gawar-attr program do-vn  gen-f dist.obl.pl strength and blessing give-opt	And enable them to do more gawarbati programs
20230111-PrincipleAbdulHadiAtIPS	fokas	n	fokas	focus	ɬiu	ɬ-iu	give-imp.pl	178		jaːni taːnu gawar-i zubaːn  -a rataj me fokas ɬ-iu	that.is self's Gawar-attr language  obl on you.pl focus give-imp.pl	do not leave your language Gawarbati
20230112-NoorHassanTellingLifeStory	ɣaːɽai	<Not Sure>	ɣaːɽai	hug(?)	ɬɪ	ɬ-ɪ	give-cv	39		tine mo manzi ʥoɽ  ɣaːɽai ɬ-ɪ parz-os-aː	there I.obl with/at great  hug(?) give-cv understand-pst.2sg-q	there i embarace Ali Khan and we enquire each others matter of life
20230112-NoorHassanTellingLifeStory	poʈi	n	poʈi	kiss(?)	ɬi	ɬ-i	give-cv	173		ʥo ten ʥaːi-s  -e ʥ-i baːn-i tasa bi poʈi ɬ-i mo bi poʈi ɬ-i	dist.erg.sg mother-pos  erg/ins come-cv cry-cv dist.obl.sg add kiss(?) give-cv I.obl add kiss(?) give-cv	So his mother, crying, kissed him and me too
20230112-NoorHassanTellingLifeStory	poʈi	n	poʈi	kiss(?)	ɬi	ɬ-i	give-cv	173		ʥo ten ʥaːi-s  -e ʥ-i baːn-i tasa bi poʈi ɬ-i mo bi poʈi ɬ-i	dist.erg.sg mother-pos  erg/ins come-cv cry-cv dist.obl.sg add kiss(?) give-cv I.obl add kiss(?) give-cv	So his mother, crying, kissed him and me too
20230112-NoorHassanTellingLifeStory	mast	<Not Sure>	mast	m-redupl	ɬi	ɬ-i	give-cv	286		hast mast ɬ-i tine niʂa-i	hand m-redupl give-cv there sit.caus-cv	we shake hands and seated
20230112-NoorHassanTellingLifeStory	xwand	n	xwand	fun	ɬiaus	ɬia-us	give.caus(?)-pst.3sg	307		giri xwand ɬia-us	then fun give.caus(?)-pst.3sg	slowly it became fun
20230113-SubhaUllahTalkingAboutHisBusiness	ɖiaːnɖaː	n	ɖiaːnɖa-a	wall(?)-obl	ɬitok	ɬ-itok	give-prf.1pl	18		pagisa kʰaː-i ʥo asa ɖiaːnɖa-a ɬ-itok	blocks(?) pull.out-cv  prox.obl.sg wall(?)-obl give-prf.1pl	after making blocks we build the walls
20230113-SubhaUllahTalkingAboutHisBusiness	ɖiaːnɖaː	n	ɖiaːnɖa-a	wall(?)-obl	ɬike	ɬ-ik-e	give-vn-erg/ins	19		ɖiaːnɖa-a ɬ-ik-e baːuʥud	wall(?)-obl give-vn-erg/ins reason	after the walls
20230113-SubhaUllahTalkingAboutHisBusiness	tel	nm	tel	oil	ɬi	ɬ-i	give-cv	43		ʥu bas ajaː asuãː ki daːr naŋga-i  tel ɬ-i  ʥu bas en sistam  -e ɬi taːnu ɬam  -a ʨala-mek	okay  prox.dat.pl to wood throw-cv  oil give-cv   okay prox.erg/ins system  erg/ins by self's work  obl drive-prs.1pl	so we give them the oil and runs our system
20230113-SubhaUllahTalkingAboutHisBusiness	him	nf	him	snow	ɬɪ	ɬ-ɪ	give-cv	118		au waːxta ki raw-an-a him ɬ-ɪ  nori jafala kam laŋg-imaːn  him  -an-a baːraː qisa ke-wa	and at.first what way-gen-m snow give-cv  now some little descend-prs.3sg  snow  gen-m about story do-imp.pl	and it is told that it snows a lot before and now it snows less tell us something
20230113-SubhaUllahTalkingAboutHisBusiness	maza	n	maza	pleasure	ɬi	ɬ-i	give-cv	128		ki laka ki qism  -n-a-j xoraːk  naːm-a tʰ-imet  ate him  -an-i des  i ki ɕai maza ɬ-i  ja kata naːm ɬ-a amãː ki	what like what kind  gen-m food  pl-obl be-prs.3pl  here snow  gen-f day  erg/ins what thing pleasure give-cv  indf a.few name give-imp.sg we.dat to	on that snowy day what should be eaten name something
20230113-SubhaUllahTalkingAboutHisBusiness	naːm	nm	naːm	name	ɬa	ɬ-a	give-imp.sg	128		ki laka ki qism  -n-a-j xoraːk  naːm-a tʰ-imet  ate him  -an-i des  i ki ɕai maza ɬ-i  ja kata naːm ɬ-a amãː ki	what like what kind  gen-m food  pl-obl be-prs.3pl  here snow  gen-f day  erg/ins what thing pleasure give-cv  indf a.few name give-imp.sg we.dat to	on that snowy day what should be eaten name something
20230113-SubhaUllahTalkingAboutHisBusiness	maza	n	maza	pleasure	ɬiamet	ɬia-met	give.caus(?)-prs.3pl	140		ime ɕaːm bak-i law ziaːt maza ɬia-met	prox.pl evening side-erg/ins very more pleasure give.caus(?)-prs.3pl	are delited to eat at evening time
20230114-FazalMolaKaTanoor	tawaʥu	nf	tawaʥu	attention	ɬiton	ɬ-iton	give-prf.3pl	71		nori laka ate bagran laka tawaʥu ɬ-iton xalq  eni ki waʥa ki tʰana asan-a	now like here towards like attention give-prf.3pl people  prox.erg/ins what reason what be.prs.3m.sg prox.gen.sg-m	???
20230114-SidiqAkberShopKeparWithHabibShah	kilo	n	kilo	kilogram	ɬimek	ɬ-imek	give-prs.1pl	25		woj sau rupai  -e kilo ɬ-imek sa ama	prox.sg hundred rupee  erg/ins kilogram give-prs.1pl prox.obl.sg we	these costs hundred rupees per kilo
20230114-SidiqAkberShopKeparWithHabibShah	aːlu	n	aːlu	potato	ɬa	ɬ-a	give-imp.sg	60		sa baːja-ãː bi aːlu ɬ-a  sãː aːlu ɬ-a  aːlu-an-i bi ɕil-i meŋgaːi tʰini ʨi  suʨa aːlu	prox.obl.sg brother-dat add potato give-imp.sg  prox.dat.sg potato give-imp.sg  potato-gen-f add such-f expensiveness be.prs.3f.sg that  traditional potato	give that brother potatoes, potatoes are also so costly
20230114-SidiqAkberShopKeparWithHabibShah	aːlu	n	aːlu	potato	ɬa	ɬ-a	give-imp.sg	60		sa baːja-ãː bi aːlu ɬ-a  sãː aːlu ɬ-a  aːlu-an-i bi ɕil-i meŋgaːi tʰini ʨi  suʨa aːlu	prox.obl.sg brother-dat add potato give-imp.sg  prox.dat.sg potato give-imp.sg  potato-gen-f add such-f expensiveness be.prs.3f.sg that  traditional potato	give that brother potatoes, potatoes are also so costly
20230215-AliNawazTreatmentWithPatient	roʦgine	nf	roʦgine	morning	ɬimaːnti	ɬ-imaːnti	give-debit.imp	25		ki ʈem  -a jak ʈem  -a roʦgine ɬ-imaːnti  ja ʈem  -a pemengi  -e bistar-ãː d-imaːn bos ba	what time  obl one time  obl morning give-debit.imp  indf time  obl   erg/ins dat go-ptcp.ipf be.pst.2m.sg irr	in morning and before going to sleep in evening the brush protect the teeth
20230215-AliNawazTreatmentWithPatient	ʈem	nf	ʈem	time	ɬa	ɬ-a	give-imp.sg	37		asa mariz  -a amãː ki jak paːnʨ mineʈ ʈem ɬ-a	prox.obl.sg patient  obl we.dat to one five minute time give-imp.sg	give us five mints
20230215-AliNawazTreatmentWithPatient	rizaːin	n	rizaːin	resigne	ɬi	ɬ-i	give-cv	59		giri tasa muj rizaːin ɬ-i giri muj	then dist.obl.sg I.erg resigne give-cv then I.erg	i resigned from there 
20230215-AliNawazTreatmentWithPatient	dawaːji	n	dawaːji	pesticide	ɬimem	ɬ-imem	give-prs.1sg	75		au muft dawaːji ɬ-imem	and free pesticide give-prs.1sg	give free medicine also
20230215-AliNawazTreatmentWithPatient	maɕwara	n	maɕwara	advice(?)	ɬimem	ɬ-imem	give-prs.1sg	116		ãː tasuãː ki maɕwara ɬ-imem baj maɕwara ɬ-imem	I dist.dat.pl to advice(?) give-prs.1sg good advice(?) give-prs.1sg	i give them good advice 
20230215-AliNawazTreatmentWithPatient	maɕwara	n	maɕwara	advice(?)	ɬimem	ɬ-imem	give-prs.1sg	116		ãː tasuãː ki maɕwara ɬ-imem baj maɕwara ɬ-imem	I dist.dat.pl to advice(?) give-prs.1sg good advice(?) give-prs.1sg	i give them good advice 
20230215-AliNawazTreatmentWithPatient	musaːk	n	musaːk	teeth.cleening.sticks	ɬa	ɬ-a	give-imp.sg	138		au musaːk ɬ-a	and teeth.cleening.sticks give-imp.sg	and use the tooth cleaning sticks also
20230215-AliNawazTreatmentWithPatient	waxti	nf	waxt-i	time	ɬa	ɬ-a	give-imp.sg	140		ʈut pesʈ na ke-mes ba musaːk xo panʦ waxt-i ɬ-a	tooth paste not do-prs.2sg irr teeth.cleening.sticks  five time give-imp.sg	if you didn't use toothpaste then use the teeth cleaning sticks (Miswak)
20230215-AliNawazTreatmentWithPatient	dawaːiː	n	dawaːiː	medicine	ɬitum	ɬ-itum	give-prf.1sg	148		au pajsa na ga-itum au sarkaːri dawaːiː ɬ-itum	and money not carry-prf.1sg and official medicine give-prf.1sg	we didn't charge and give the medicine free
20230228-DrSyedAkberTalkingAboutLife	taraqi	n	taraqi	development	ɬik	ɬ-ik	give-vn	26		au asa zabaːn  -a taraqi ɬ-ik  -a ʂaʦi	and prox.obl.sg language  obl development give-vn  obl for	for the development of this language 
20230228-DrSyedAkberTalkingAboutLife	qurbaːni	n	qurbaːni	sacrifice	ɬitum	ɬ-itum	give-prf.1sg	77		lekin muj karik ɖal qurbaːni ɬ-itum ba woj miãː maːlum tʰini	but I.erg which big sacrifice give-prf.1sg rel prox.sg I.dat known be.prs.3f.sg	you all are familiar with the sacrifice i have given 
20230228-DrSyedAkberTalkingAboutLife	aiɖ	n	aiɖ	aid	ɬem	ɬ-em	give-pst.1sg	102		ãː alaːqa-an-a xalq  -ãː tamaːm-ãː ki xidmat ke-m  meɖikal laːin  -a tasuãː ki aiɖ ɬ-em	I area-gen-m people  dat all-dat to service do-pst.1sg  medical line  obl dist.dat.pl to aid give-pst.1sg	i have served all the people of this area, i provide aid to them
20230228-DrSyedAkberTalkingAboutLife	qurbaːni	n	qurbaːni	sacrifice	ɬi	ɬ-i	give-cv	132		lihaːzaː ama taːnu sa taːrex  -a har qism  -an-i qurbaːni ɬ-i	so we self's prox.obl.sg date  obl every kind  gen-f sacrifice give-cv	so we will give any type sacrifice for our history
20230228-DrSyedAkberTalkingAboutLife	prograːm	nf	prograːm	program	ɬi	ɬ-i	give-cv	135		tasu pena prugraːm ga-i  ama tasu prograːm ɬ-i	dist.obl.pl from program take-cv  we dist.obl.pl program give-cv	will get the programs from them and by these programs
20230228-DrSyedAkberTalkingAboutLife	moqa	n	moq-a	opportunity-obl	ɬiu	ɬ-iu	give-opt	141		inɕaːllah amãː bi moq-a ɬ-iu  ama bi te manz ɬenʨ-i taːnu xajaːlaːt  -an izhaːr	inshallah we.dat add opportunity-obl give-opt  we add dist.obl.sg with/at get.into-cv self's thoughts  pl expression	you can give us the opportunity to participate and express our veiws 
20230327-MuhammadAliShahTalkingAboutLemonGarden	iɕaːra	n	iɕaːr-a	signal-obl	ɬitu	ɬ-itu	give-prf.2sg	110		maːɖran qism  -an-i baːɣ ʥa-i ɕiki ʐup-au ʥa-i iɕaːr-a ɬ-itu	modern kind  gen-f garden say-cv so become-opt say-cv signal-obl give-prf.2sg	you pointed towards modern garden
20230327-MuhammadAliShahTalkingAboutLemonGarden	qalam	nf	qalam	pen	ɬi	ɬ-i	give-cv	119		qalam ɬ-i bi na zaːn-et muʈʰɪ-naːm  -a	pen give-cv add not know.how-pst.3pl plant-pl  obl	they didn't knew grafting of plants also
20230327-MuhammadAliShahTalkingAboutLemonGarden	graːn	adj	graːn	expensive	ɬimet	ɬ-imet	give-prs.3pl	164		tasa duraːi  -an-a aːn-ik  -an-a waʥa-i graːn ɬ-imet	dist.obl.sg far  gen-m bring-vn  gen-m reason-erg/ins expensive give-prs.3pl	so it sells costly due to bringing it from faraway
20230327-MuhammadAliShahTalkingAboutLemonGarden	ʈem	nf	ʈem	time	ɬitu	ɬ-itu	give-prf.2sg	200		zabadast law ɕukriaː meʰrabaːni ʈem ɬ-itu amãː bas baːɣ-an-a aːxiri ja gila ga-mek	excellent many thanks thanks time give-prf.2sg we.dat okay garden-gen-m final indf thing take-prs.1pl	thank you very much for giving us time, in last i am recording the view of the garden in this video
20230402-NadarShahBookKeeperAtArandu	ɕai	nm	ɕai	thing	ɬimet	ɬ-imet	give-prs.3pl	20		kata ki qism-an-a des  -i tãː ki ki ɕai ɬ-imet ɖrewar-aːn  -an-a ki tareqakaːr	how.many what kind-gen-m day  erg/ins you.sg.dat what what thing give-prs.3pl driver-pl  gen-m what procedure	how much the drivers pay you?
20230402-NadarShahBookKeeperAtArandu	rupai	n	rupai	rupee	ɬimet	ɬ-imet	give-prs.3pl	21		ɕukur tʰana des  -i bas awal ta aman-i duiɕodaʂ rupai bui nori paĩɕi rupai ɬ-imet parz-os-aː	grace be.prs.3m.sg day  erg/ins okay first  our-f fifty rupee be.pst.3f.sg now hundred rupee give-prs.3pl understand-pst.2sg-q	thanks to God, before we were paid fifty for a vehicle and now we ge hundred rupees
20230402-NadarShahBookKeeperAtArandu	ʈem	nf	ʈem	time	ɬitu	ɬ-itu	give-prf.2sg	77		bas law meʰrabaːni amãː ki ʈem ɬ-itu	okay many thanks we.dat to time give-prf.2sg	thanks for giving the time
20230402-syedRahimTalkingAboutTaxi	tawaʥu	nf	tawaʥu	attention	ɬa	ɬ-a	give-imp.sg	9		xaː said rahim gila bo aman-i bagran tawaʥu ɬ-a	ok Syed Rahim thing be.pst.2pl our-f towards attention give-imp.sg	ok Sayed Rahim pay attention to us
20230402-syedRahimTalkingAboutTaxi	paisa	nm	pajsa	money	ɬimet	ɬ-imet	give-prs.3pl	13		baːzi pajsa ɬ-imet baːzi na ɬ-imet  nun muj nu daʂ aːma-an-a aːnda ga-i aːjam ãː	some money give-prs.3pl some not give-prs.3pl  today I.erg nine ten house-gen-m meat carry-cv come.pst.1sg I	some pay and some didn't, today i bring meat for ten houses
20230402-syedRahimTalkingAboutTaxi	paisa	nm	pajsa	money	ɬimeti	ɬ-imet-i	give-prs.3pl	17		a mo kara pajsa ɬ-imet-i na ɬ-imet-i allah ʂaʦi ãː xidmat ke-mem	I.obl some money give-prs.3pl not give-prs.3pl God for I service do-prs.1sg	if someone pays or not but i serve for the God sake 
20230402-syedRahimTalkingAboutTaxi	saxt	n	saxt	attack(?)	ɬiton	ɬ-iton	give-prf.3pl	67		ɖaz ɕuro bi nes-i talibaːn-i saxt ɬ-iton iskoʈ  -a	fire start add come.out-cv Taliban-erg/ins attack(?) give-prf.3pl Scout  obl	at that time the talibans attacks the army
20230402-syedRahimTalkingAboutTaxi	paisa	nm	pajsa	money	ɬiba	ɬ-iba	give-fut.3sg	80		tasa gaːɽai  -an-a hukumat to pajsa ɬ-iba ɬ-iba ɬ-iba ʥa-i ãː law	dist.obl.sg car  gen-m government you.sg.obl money give-fut.3sg give-fut.3sg give-fut.3sg say-cv I very	then it was told that the government will pay in relief
20230402-syedRahimTalkingAboutTaxi	allah	n	allah	God	ɬimaːn	ɬ-imaːn	give-prs.3sg	89		waːri bas en gaːɽai  -e ɬi  allah riziq ta allah ɬ-imaːn rizq  -an-a zimawaːr ta allah tʰana	besides okay prox.erg/ins car  erg/ins by  God livelihood  God give-prs.3sg livelihood  gen-m owner  God be.prs.3m.sg	i earn from this car, Allah give the livelihood, Allah is the owner of livelihood
20230402-syedRahimTalkingAboutTaxi	ʈʰaːn	nm	ʈʰaːn	area	ɬidaːon	ɬ-idaːon	give-dist.pst.3pl	117		ɕil-a rau bua ʨi gaːura-gila  -e mo ʈʰaːn ɬ-idaːon	such-m way be.pst.3m.sg that law(?)-pl  erg/ins I.obl area give-dist.pst.3pl	my in laws give me some land there
20230402-syedRahimTalkingAboutTaxi	ʈem	nf	ʈem	time	ɬitu	ɬ-itu	give-prf.2sg	138		bas ʥo law mehrabaːni amãː ki ʈem ɬ-itu	okay  many thanks we.dat to time give-prf.2sg	thank you very much for your time
20230409-GulMuhammadTalkingAboutMeyaMosque	aʥar	n	aʥar	reward(?)	ɬijau	ɬ-ijau	give-opt	97		inɕaːllah asa ʦur-mi  -ãː xudaːi aʥar ɬ-ijau	inshallah prox.obl.sg four-collect  dat God reward(?) give-opt	may God bless these four
20230409-GulMuhammadTalkingAboutMeyaMosque	taufiq	n	taufiq	blessing	ɬijau	ɬ-ijau	give-opt	98		au taufiq ɬ-ijau ʨi asa waːri bi komak ke-i	and blessing give-opt that prox.obl.sg besides add help do-cv	and give them more oppertunities
20230409-GulMuhammadTalkingAboutMeyaMosque	taufiq	n	taufiq	blessing	ɬijau	ɬ-ijau	give-opt	101		aman-a xudaːi qaːri ustaːz  -a taufiq ɬ-ijau	our-m God Qari teacher  obl blessing give-opt	Allah give the oppertunity to Qari teacher
20230409-GulMuhammadTalkingAboutMeyaMosque	taufiq	n	taufiq	blessing	ɬijau	ɬ-ijau	give-opt	117		ʨi taufiq ɬ-ijau ʨi asa manzi bi munaːsib bandubast ke-iu	that blessing give-opt that prox.obl.sg with/at add proper arrangement do-opt	if gain the ability to perform, there will be suitable arrangements for them
20230409-GulMuhammadTalkingAboutMeyaMosque	taufeq	n	taufeq	agreement	ɬijau	ɬ-ijau	give-opt	130		au inɕaːllah xudaːi tamaːm musulmaːn-aːn  -ãː amãː ki ki naːm  taufeq ɬ-ijau	and inshallah God all Muslims-pl  dat we.dat to what name  agreement give-opt	May Allah give us all the muslims the oppertunity 
20230507-ConversationBetweenPrincipalAndATeacher	iŋgliɕ	adj	iŋgliɕ	English	ɬito	ɬ-ito	give-prf.2pl	59		arɕid sar  -ãː ki karik gila-an-a iŋgliɕ ɬ-ito	Arshad Sir  dat to which thing-gen-m English give-prf.2pl	Arshad sir has given English of which class?
20230507-ConversationBetweenPrincipalAndATeacher	iŋgliɕ	adj	iŋgliɕ	English	ɬitok	ɬ-itok	give-prf.1pl	60		sar  sar fortʰ mizaːn tasãː iŋgliɕ ɬ-itok	Sir  Sir forth until dist.dat.sg English give-prf.1pl	sir, we had given the english upto class four
20230507-ConversationBetweenPrincipalAndATeacher	iŋgliɕ	adj	iŋgliɕ	English	ɬito	ɬ-ito	give-prf.2pl	61		fortʰ mizaːn iŋgliɕ ɬ-ito	forth until English give-prf.2pl	upto class four has given
20230507-ConversationBetweenPrincipalAndATeacher	karkãː	n	kark-ãː	someone-dat	ɬito	ɬ-ito	give-prf.2pl	68		gila-an-a bi ɬ-ejamaːna metʰ  -a kark-ãː ɬ-ito	thing-gen-m add give math  obl someone-dat give-prf.2pl	who has given the third class math
20230507-ConversationBetweenPrincipalAndATeacher	sarãː	n	sar-ãː	Sir-dat	ɬiton	ɬ-iton	give-prf.3pl	69		metʰimeʈiks  -a ziaː sar-ãː ɬ-iton	mathematics  obl Zia Sir-dat give-prf.3pl	math is given to Mr. Zia
20230507-ConversationBetweenPrincipalAndATeacher	pekeʥ	n	pekeʥ	package	ɬidaːok	ɬ-idaːok	give-dist.pst.1pl	99		tasuãː ki jatim-aːn-aːn-ãː ki amaj ki pekeʥ ɬ-idaːok iskul  -an-a bak  -an-a	dist.dat.pl to orphan-pl-pl-dat to we.erg what package give-dist.pst.1pl school  gen-m side  gen-m	we have given a package to these children from the school
20230507-ConversationBetweenPrincipalAndATeacher	fiːz	n	fiːz	fee(?)	ɬi	ɬ-i	give-cv	110		gila ɕil-a tʰana ʨi bilfarz time fiːz ɬ-i na ba-met	thing such-m be.prs.3m.sg that supposing dist.pl fee(?) give-cv not can-prs.3pl	the matter is that they could not pay the fee
20230507-ConversationBetweenPrincipalAndATeacher	tawaʥu	nf	tawaʥu	attention	ɬa	ɬ-a	give-imp.sg	137		tasu rataj sahi tawaʥu ɬ-a	dist.obl.pl on true attention give-imp.sg	pay attention to them
20230507-ConversationBetweenPrincipalAndATeacher	tartib	n	tartib	arrangement	ɬitoaː	ɬ-ito-aː	give-prf.2pl-q	163		tasan-a ki tartib ɬ-ito-aː	dist.gen.sg-m what arrangement give-prf.2pl-q	is it planned?
20230507-ConversationBetweenTwoStudentEmanAndAfradKhan	ʈʰaːn	nm	ʈʰaːn	area	ɬidaːon	ɬ-idaːon	give-dist.pst.3pl	18		se law ʂobaːn-a ʈʰaːn ɬ-idaːon	dist.sg very beautiful-m area give-dist.pst.3pl	he had given a good position
20230507-ConversationBetweenTwoStudentEmanAndAfradKhan	ummur	n	ummur	age	ɬijau	ɬ-ijau	give-opt	148		ummur ɬ-ijau	age give-opt	may long live
20230507-ConversationBetweenTwoStudentEmanAndAfradKhan	ummur	n	ummur	age	ɬijau	ɬ-ijau	give-opt	149		ummur ɬ-ijau	age give-opt	may long live
20230514-ConversationBetweenHabibZamanAndAnUllah	doka	n	doka	lie(?)	ɬimet	ɬ-imet	give-prs.3pl	158		ɕilami xalq-ãː doka ɬ-imet azaːd b-imaːn azaːd b-imaːn ʥa-i  azaːd b-ik  -an-i ki ʨaːns na tʰini	similarly(?) people-dat lie(?) give-prs.3pl free be-prs.3sg free be-prs.3sg say-cv  free be-vn  gen-f any(thing) chance not be.prs.3f.sg	people are telling lie that it will open but there is no chance
20230514-ConversationBetweenZahairShahAndHabibUmer	woʈ	n	woʈ	vote	ɬimes	ɬ-imes	give-prs.2sg	167.2		jak-i-ãː woʈ ɬ-imes	one-dat vote give-prs.2sg	give vote to one 
20230514-ConversationBetweenZahairShahAndHabibUmer	woʈ	n	woʈ	vote	ɬitu	ɬ-itu	give-prf.2sg	178.1		ɬ-ik  -an-i baːti nahn-i woʈ ɬ-itu niaː	give-vn  gen-f word no-f vote give-prf.2sg	None
20230514-ConversationBetweenZahairShahAndHabibUmer	woʈ	n	woʈ	vote	ɬitum	ɬ-itum	give-prf.1sg	182		ɕiki naj ʨi woʈ ɬ-itum  mãː ki nori aːma-i taraːn aːn-i ɬ-iba	so no that vote give-prf.1sg  I.dat to now house-erg/ins through bring-cv give-fut.3sg	It's not like you voted, now bring home everything you need
20230514-LifeStoryOfHabibZaman	ɕaːbaːɕi	n	ɕaːbaːɕi	appreciation	ɬiton	ɬ-iton	give-prf.3pl	60		giri mãː ɕaːbaːɕi ɬ-iton  ɕiki ɣairat  -an-a ɬam ker-u ʥa-on	then I.dat appreciation give-prf.3pl  so   gen-m work do-pst.2sg say-pst.3pl	they give appriciation and told that you have done great job
20230519-ConversationBetweenJamrozKhanBabaAndRahimullah	gap	n	gap	chat(?)	ɬimet	ɬ-imet	give-prs.3pl	120.2		gap ɬ-imet	chat(?) give-prs.3pl	None
20230519-ConversationBetweenJamrozKhanBabaAndRahimullah	gap	n	gap	chat(?)	ɬijaikãː	ɬ-ijaik-ãː	give-pst.1pl-dat	120.3		mo gap ɬ-ijaik-ãː ki aːn-ito nori parz-om	I.obl chat(?) give-pst.1pl-dat to bring-prf.2pl now understand-pst.1sg	Hey guys you are chatting with me, I understand now you brought me for chat
20230519-ConversationBetweenJamrozKhanBabaAndRahimullah	dom	n	dom	thigh	ɬi	ɬi	give.cv	200		waːri  -a ja   -a dom ɬi asa mãː ʥa-um asa tine taːnu gaː-wa taːnu aːma	besides  obl indf   obl thigh give.cv prox.obl.sg I.dat say-pst.1sg prox.obl.sg there self's take-imp.pl self's house	Also, he gave me a goat rib to take home
20230519-GroupConversationBetweenSharifUllahBahramKhanSharhussanAndImtiazAhmad	safaːi	adj	safaː-i	clean-nmlz	ɬi	ɬi	give.cv	126		asa ʂobaːn-a ke duwa-i safaː-i ɬi	prox.obl.sg good-m do.cv wash-cv clean-nmlz give.cv	It has to be washed and cleaned
20230519-GroupConversationBetweenSharifUllahBahramKhanSharhussanAndImtiazAhmad	kam	adj	kam	little	ɬa	ɬ-a	give-imp.sg	236		kam kam ɬ-a niaː ai asuãː ɬ-a niaː ama na p-imek waːri	little little give-imp.sg  hey prox.dat.pl give-imp.sg  we not drink-prs.1pl besides	we don't drink, drink them
20230519-GroupConversationBetweenSharifUllahBahramKhanSharhussanAndImtiazAhmad	kam	adj	kam	little	ɬa	ɬ-a	give-imp.sg	239		sabar ɬ-imaːn  ie xaːn  -e taːdi ma ke-s  kam kam ɬ-a bas bas	patiently give-prs.3sg     erg/ins haste don't do-proh  little little give-imp.sg okay okay	Give patiently, brother, don't rush, give slowly
20230519-GroupConversationBetweenSharifUllahBahramKhanSharhussanAndImtiazAhmad	saːfãː	n	saːf-ãː	all-dat	ɬa	ɬ-a	give-imp.sg	241		sabar sabar saːf-ãː ɬ-a saːf-ãː	patiently patiently all-dat give-imp.sg all-dat	calmly give to everyone
20230519-WheatCuttingDiscussionBetweenNoorHussanMisbahSirajAndMuneerAhmad	waːʂ	nm	waːʂ	rain	ɬitus	ɬ-itus	give-prf.3sg	30		u ki nori waːʂ ɬ-itus niaː	now rain give-prf.3sg	it also rained now, right
20230519-WheatCuttingDiscussionBetweenNoorHussanMisbahSirajAndMuneerAhmad	waːʂ	nm	waːʂ	rain	ɬitusãː	ɬ-itus-ãː	give-prf.3sg-dat	32		waːʂ ɬ-itus-ãː ki enbak tenbak bi xaraːb bua	rain give-prf.3sg-dat to this.side that.side add bad be.pst.3m.sg	Spoiled in the rain
20230519-WheatCuttingDiscussionBetweenNoorHussanMisbahSirajAndMuneerAhmad	waːʂ	nm	waːʂ	rain	ɬiba	ɬ-iba	give-fut.3sg	33		ɬ-iba rai waːʂ ɬ-iba	give-fut.3sg  rain give-fut.3sg	will it rain?
20230519-WheatCuttingDiscussionBetweenNoorHussanMisbahSirajAndMuneerAhmad	waːʂ	nm	waːʂ	rain	naɬtus	na-ɬ-tus	neg-give-prf.3sg	34		waːʂ na-ɬ-tus ba baj tʰana rai waːʂ ɕilami gom  -naːm  -a xaraːb ke-maːn	rain neg-give-prf.3sg irr good be.prs.3m.sg  rain similarly(?) wheat  pl  obl bad do-prs.3sg	It will be better if it does not rain, it damages the wheat crop
20230521-GirlsDiscussionAboutGeneralChatting	lantanaː	n	lantanaː	Lantana(Quran.chapter)	ɬitus	ɬ-itus	give-prf.3sg	11		ie du ruku ʥa-um giri lantanaː ɬ-itus	yes two ruku(one.fourth.of.a.chapter) say-pst.1sg then Lantana(Quran.chapter) give-prf.3sg	yes i recite two Ruku then give it to Lantana(Quraan Chapter)
20230521-GirlsDiscussionAboutGeneralChatting	naːmnaːm	nm	naːm-naːm	name-pl	ɬimaːniu	ɬ-imaːniu	give-prs.2pl	225		bak-kaː  maːʂai me ki ɣalat naːm-naːm ɬ-imaːniu	side  aunt you.pl what wrong name-pl give-prs.2pl	get aside aunty, you people say false names
20230521-GirlsDiscussionAboutGeneralChatting	naːm	nm	naːm	name	ɬɪmaːntiu	ɬ-ɪmaːntiu	give-debit.2pl	226		aa sahi naːm ɬ-ɪmaːntiu	right name give-debit.2pl	say the correct names
20230521-GirlsGroupDiscussionDuringPlaying	ʦapal	n	ʦapal	slippers	ɬimaːn	ɬ-imaːn	give-prs.3sg	46		mazza niaː mãː ki ʦapal ɬ-imaːn	pleasure  I.dat to slippers give-prs.3sg	it's fun, will give me slippers
20230521-GirlsGroupDiscussionDuringPlaying	ʈʂalfal	n	ʈʂalfal	lying(?)	ɬimaːn	ɬ-imaːn	give-prs.3sg	79		ʈʂalfal ɬ-imaːn niaː	lying(?) give-prs.3sg okay?	she is telling lie, isn't she?
20230521-GirlsGroupDiscussionDuringPlaying	buʈ	n	buʈ	shoe	ɬimaːn	ɬ-imaːn	give-prs.3sg	209		ie malaːlai  -ãː buʈ ɬ-imaːn	yes Malalai  dat shoe give-prs.3sg	hey, giving malala the shoe
20230624-AgricultureActivity	sum	nm	sum	soil	ɬi	ɬi	give.cv	114		bas giri waːri ki ata gila nahn-a  ja fala sum ɬi asa woj-i au	okay then besides any(thing) here thing no-m  indf a.little(?) soil give.cv prox.obl.sg this-erg/ins and	And nothing is that much, except by giving it a little dust
20230624-AgricultureActivity	kam	adj	kam	little	ɬijana	ɬ-ijana	give-nonfin.debit	120		ʥuwaːr  -a pena asa ʈem aːuː kam ɬ-ijana tʰina	corn  obl from prox.obl.sg time water little give-nonfin.debit be.prs.3m.sg	It has to be watered a little from maize
20230629-DayFirstOfEidulAdha	mubaːrakbaːd	adj	mubaːrak-baːd	blessed	ɬimaːn	ɬ-imaːn	give-ptcp.ipf	196		taːnu manzi maɕxultiaː ke-maːn bot  axtar  -an-i mubaːrak-baːd ɬ-imaːn bot  axtar  -an-i baːti ke-maːn bot	self's with/at chatting do-ptcp.ipf be.pst.3pl  Eid  gen-f blessed give-ptcp.ipf be.pst.3pl  Eid  gen-f word do-ptcp.ipf be.pst.3pl	they were chatting with each other, greeting Eid with one another
20231016-Israr-u-dinAtHisShop	ɕila	n	ɕila	such.thing	ɬa	ɬ-a	give-imp.sg	123		ɕila ɬ-a mo	such.thing give-imp.sg I.obl	give me like that
20231016-Israr-u-dinAtHisShop	tawaʥu	nf	tawaʥu	attention	ɬitum	ɬ-itum	give-prf.1sg	144		bas muj baːb  -ãː ki  taːnu baːb  -a manzi tawaʥu ɬ-itum	okay I.erg father  dat to  self's father  obl with/at attention give-prf.1sg	and i supported my father
20231016-Israr-u-dinAtHisShop	tawaʥu	nf	tawaʥu	attention	ɬitum	ɬ-itum	give-prf.1sg	146		au baːb jakula buwa tasan-a waʥa-e baːp waʥa  -e muj taːnu dukaːndaːri  -ã tawaʥu ɬ-itum	and father alone be.pst.3m.sg dist.gen.sg-m reason-erg/ins father reason  erg/ins I.erg self's shopkeeping  dat attention give-prf.1sg	father was alone so i turn my attention to shopkeeping
